-- phpMyAdmin SQL Dump
-- version 4.8.5
-- https://www.phpmyadmin.net/
--
-- Host: localhost:3306
-- Generation Time: Jan 22, 2021 at 05:02 PM
-- Server version: 5.7.24
-- PHP Version: 7.2.19

SET SQL_MODE = "NO_AUTO_VALUE_ON_ZERO";
SET AUTOCOMMIT = 0;
START TRANSACTION;
SET time_zone = "+00:00";


/*!40101 SET @OLD_CHARACTER_SET_CLIENT=@@CHARACTER_SET_CLIENT */;
/*!40101 SET @OLD_CHARACTER_SET_RESULTS=@@CHARACTER_SET_RESULTS */;
/*!40101 SET @OLD_COLLATION_CONNECTION=@@COLLATION_CONNECTION */;
/*!40101 SET NAMES utf8mb4 */;

--
-- Database: `admin_default`
--
CREATE DATABASE IF NOT EXISTS `admin_default` DEFAULT CHARACTER SET utf8 COLLATE utf8_general_ci;
USE `admin_default`;

-- --------------------------------------------------------

--
-- Table structure for table `branch`
--

CREATE TABLE `branch` (
  `branch_id` int(10) NOT NULL,
  `branch_name` varchar(250) NOT NULL
) ENGINE=InnoDB DEFAULT CHARSET=utf8;

--
-- Dumping data for table `branch`
--

INSERT INTO `branch` (`branch_id`, `branch_name`) VALUES
(1, 'สาขา 1'),
(2, 'สาขา 2'),
(3, 'สาขา 3'),
(4, 'สาขา 4'),
(5, 'สาขา 5'),
(6, 'สาขา 6'),
(7, 'สาขา 7'),
(8, 'สาขา 8'),
(9, 'สาขา 9'),
(10, 'สาขา 10'),
(11, 'สาขา 11'),
(12, 'สาขา 12'),
(13, 'สาขา 13'),
(14, 'สาขา 14'),
(15, 'สาขา 15'),
(16, 'สาขา 16'),
(17, 'สาขา 17');

-- --------------------------------------------------------

--
-- Table structure for table `fruit`
--

CREATE TABLE `fruit` (
  `fruit_id` int(10) NOT NULL,
  `fruit_name` varchar(250) NOT NULL,
  `price_id` int(10) NOT NULL,
  `supplier_id` int(10) NOT NULL,
  `plu_code_id` int(10) NOT NULL,
  `sku_code_id` int(10) NOT NULL
) ENGINE=InnoDB DEFAULT CHARSET=utf8;

-- --------------------------------------------------------

--
-- Table structure for table `plu_code`
--

CREATE TABLE `plu_code` (
  `plu_code_id` int(10) NOT NULL,
  `plu_code_name` varchar(250) NOT NULL
) ENGINE=InnoDB DEFAULT CHARSET=utf8;

-- --------------------------------------------------------

--
-- Table structure for table `price`
--

CREATE TABLE `price` (
  `price_id` int(10) NOT NULL,
  `price_name` varchar(250) NOT NULL
) ENGINE=InnoDB DEFAULT CHARSET=utf8;

--
-- Dumping data for table `price`
--

INSERT INTO `price` (`price_id`, `price_name`) VALUES
(1, '10000');

-- --------------------------------------------------------

--
-- Table structure for table `product_type`
--

CREATE TABLE `product_type` (
  `product_type_id` int(10) NOT NULL,
  `product_type_name` varchar(250) NOT NULL
) ENGINE=InnoDB DEFAULT CHARSET=utf8;

--
-- Dumping data for table `product_type`
--

INSERT INTO `product_type` (`product_type_id`, `product_type_name`) VALUES
(1, 'แพ็ค'),
(2, 'แพ็คx1'),
(3, 'กรัม'),
(4, 'กล่องx10'),
(5, 'กล่องx5'),
(6, 'กำ'),
(7, 'กิโลกรัม'),
(8, 'ชุด'),
(9, 'ฝัก'),
(10, 'ลูก');

-- --------------------------------------------------------

--
-- Table structure for table `protion`
--

CREATE TABLE `protion` (
  `protion_id` int(10) NOT NULL,
  `protion_name` varchar(250) NOT NULL
) ENGINE=InnoDB DEFAULT CHARSET=utf8;

--
-- Dumping data for table `protion`
--

INSERT INTO `protion` (`protion_id`, `protion_name`) VALUES
(1, 'Admin'),
(2, 'Manager'),
(3, 'Whole Sale'),
(4, 'Sourcing'),
(5, 'Executive'),
(6, 'Employees');

-- --------------------------------------------------------

--
-- Table structure for table `sku_code`
--

CREATE TABLE `sku_code` (
  `sku_code_id` int(10) NOT NULL,
  `sku_code_name` varchar(250) NOT NULL
) ENGINE=InnoDB DEFAULT CHARSET=utf8;

--
-- Dumping data for table `sku_code`
--

INSERT INTO `sku_code` (`sku_code_id`, `sku_code_name`) VALUES
(1, '101000101000'),
(2, '101000201000'),
(3, '101000301000'),
(4, '101000302000'),
(5, '101000303000'),
(6, '101000304000'),
(7, '101000305000'),
(8, '101000306000'),
(9, '101000307000'),
(10, '101000308000'),
(11, '101000309000'),
(12, '101000311000'),
(13, '101000312000'),
(14, '101000313000'),
(15, '101000401000'),
(16, '101000402000'),
(17, '101000403000'),
(18, '101000404000'),
(19, '101000406000'),
(20, '101000407000'),
(21, '101000411000'),
(22, '101000412000'),
(23, '101000413000'),
(24, '101000414000'),
(25, '101000415000'),
(26, '101000416000'),
(27, '101000418000'),
(28, '101000419000'),
(29, '101000420000'),
(30, '101000421000'),
(31, '101000501000'),
(32, '101000601000'),
(33, '101000602000'),
(34, '101000603000'),
(35, '101000604000'),
(36, '101000605000'),
(37, '101000701000'),
(38, '101000702000'),
(39, '101000703000'),
(40, '101000706000'),
(41, '101000709000'),
(42, '101000710000'),
(43, '101000711000'),
(44, '101000712000'),
(45, '101000802000'),
(46, '101000803000'),
(47, '101000804000'),
(48, '101000805000'),
(49, '101000806000'),
(50, '101000807000'),
(51, '101000808000'),
(52, '101000809000'),
(53, '101000902000'),
(54, '101000904000'),
(55, '101000907000'),
(56, '101000908000'),
(57, '101000913000'),
(58, '101000914000'),
(59, '101000915000'),
(60, '101000916000'),
(61, '101001002000'),
(62, '101001003000'),
(63, '101001101000'),
(64, '101001103000'),
(65, '101001104000'),
(66, '10100112000'),
(67, '101001203000'),
(68, '101001205000'),
(69, '101001206000'),
(70, '101001501000'),
(71, '101001603000'),
(72, '101001604000'),
(73, '101001701000'),
(74, '101001704000'),
(75, '101001706000'),
(76, '101001801000'),
(77, '101001802000'),
(78, '101001803000'),
(79, '101001805000'),
(80, '101001903000'),
(81, '101001906000'),
(82, '101001910000'),
(83, '101001912000'),
(84, '101001913000'),
(85, '101001914000'),
(86, '101001915000'),
(87, '101001917000'),
(88, '101002002000'),
(89, '101002003000'),
(90, '101002005000'),
(91, '101002101000'),
(92, '101002102000'),
(93, '101002104000'),
(94, '101002202000'),
(95, '101002306000'),
(96, '101002308000'),
(97, '101002309000'),
(98, '101002401000'),
(99, '101002402000'),
(100, '101002403000'),
(101, '101002404000'),
(102, '101002405000'),
(103, '101002406000'),
(104, '101002407000'),
(105, '101002408000'),
(106, '101002409000'),
(107, '101002413000'),
(108, '101002414000'),
(109, '101002416000'),
(110, '101002417000'),
(111, '101002501000'),
(112, '101002502000'),
(113, '101002601000'),
(114, '101002602000'),
(115, '101002604000'),
(116, '101002607000'),
(117, '101002608000'),
(118, '101002610000'),
(119, '101002612000'),
(120, '101002701000'),
(121, '101002702000'),
(122, '101002801000'),
(123, '101002803000'),
(124, '101002901000'),
(125, '101002904000'),
(126, '101002905000'),
(127, '101002907000'),
(128, '101003001000'),
(129, '101003002000'),
(130, '101003003000'),
(131, '101003004000'),
(132, '101003005000'),
(133, '101003006000'),
(134, '101003008000'),
(135, '101003010000'),
(136, '101003011000'),
(137, '101003012000'),
(138, '101003014000'),
(139, '101003015000'),
(140, '101003016000'),
(141, '101003017000'),
(142, '101003018000'),
(143, '101003020000'),
(144, '101003021000'),
(145, '101003022000'),
(146, '101003023000'),
(147, '101003026000'),
(148, '101003027000'),
(149, '101003028000'),
(150, '101003029000'),
(151, '101003030000'),
(152, '101003031000'),
(153, '101003032000'),
(154, '101003101000'),
(155, '101003102000'),
(156, '101003102200'),
(157, '1010031022500'),
(158, '1010031041600'),
(159, '1010031203000'),
(160, '101003131000'),
(161, '101003132000'),
(162, '101003133000'),
(163, '101003201000'),
(164, '101003202000'),
(165, '101003203000'),
(166, '101003206000'),
(167, '101003207000'),
(168, '101003209000'),
(169, '101003210000'),
(170, '101003211000'),
(171, '101003212000'),
(172, '101003213000'),
(173, '101003214000'),
(174, '101003215000'),
(175, '101003216000'),
(176, '101003218000'),
(177, '101003221000'),
(178, '101003223000'),
(179, '101003224000'),
(180, '101003225000'),
(181, '101003226000'),
(182, '101003230000'),
(183, '101003251000'),
(184, '101003261000'),
(185, '101003283000'),
(186, '101003283000'),
(187, '101003301000'),
(188, '101003304000'),
(189, '101003305000'),
(190, '101003306000'),
(191, '101003401000'),
(192, '101003402400'),
(193, '101003402600'),
(194, '101003501000'),
(195, '101003601000'),
(196, '1010036020005'),
(197, '1010036020010'),
(198, '101003603000'),
(199, '101003604000'),
(200, '101003606000'),
(201, '101003610000'),
(202, '101003614000'),
(203, '1010036150005'),
(204, '1010036270005'),
(205, '101003701000'),
(206, '101003712000'),
(207, '101003803000'),
(208, '101003807000'),
(209, '101003812000'),
(210, '101003901000'),
(211, '101003902000'),
(212, '101003903000'),
(213, '101003906000'),
(214, '101004002000'),
(215, '101004003000'),
(216, '101004005000'),
(217, '101004006000'),
(218, '101004008000'),
(219, '101004011000'),
(220, '101004012000'),
(221, '101004013000'),
(222, '101004014000'),
(223, '101004015000'),
(224, '101004017000'),
(225, '101004022000'),
(226, '101004026000'),
(227, '101004027000'),
(228, '101004030000'),
(229, '101004104000'),
(230, '101004106000'),
(231, '101004107000'),
(232, '101004109000'),
(233, '101004110000'),
(234, '101004114000'),
(235, '101004116000'),
(236, '101004119000'),
(237, '101004130000'),
(238, '101004136000'),
(239, '101004142000'),
(240, '101004143000'),
(241, '101004146000'),
(242, '101004147000'),
(243, '101004162000'),
(244, '101004163000'),
(245, '101004164000'),
(246, '101004166000'),
(247, '101004167000'),
(248, '101004168000'),
(249, '103002305000'),
(250, '103002602080'),
(251, '103002603200'),
(252, '103002604150'),
(253, '103002605080'),
(254, '103002606080'),
(255, '103002607080'),
(256, '103002608120'),
(257, '103004001100'),
(258, '103004003000'),
(259, '103004004000'),
(260, '103004005000'),
(261, '103004006000'),
(262, '103004007150'),
(263, '103004008150'),
(264, '103004300500'),
(265, '103014006150'),
(266, '103014102500'),
(267, '105010905000'),
(268, '106000306000'),
(269, '106000401000'),
(270, '106000403000'),
(271, '106000802000'),
(272, '106000803000'),
(273, '106000804000'),
(274, '106000805000'),
(275, '106000901000'),
(276, '106000902000'),
(277, '106001201000'),
(278, '106001202000'),
(279, '106001308000'),
(280, '106002302000'),
(281, '106002403000'),
(282, '106002404000'),
(283, '106002405000'),
(284, '106002407000'),
(285, '106002603000'),
(286, '106002605000'),
(287, '106002608000'),
(288, '106002802000'),
(289, '106003108000'),
(290, '106003713000'),
(291, '106004101000'),
(292, '106010501000'),
(293, '106012202000'),
(294, '106014123000'),
(295, '1070036160005'),
(296, '1070036180005'),
(297, '110001004000'),
(298, '110001005000'),
(299, '110001006000'),
(300, '110001007000'),
(301, '110001008000'),
(302, '110001009000'),
(303, '110001010000'),
(304, '110001201000'),
(305, '110001202000'),
(306, '110001203000'),
(307, '110001210000'),
(308, '110001214000'),
(309, '110001215000'),
(310, '110001301000'),
(311, '110001301001'),
(312, '110001303000'),
(313, '110001304000'),
(314, '110001307000'),
(315, '110001308000'),
(316, '110001309000'),
(317, '110001310000'),
(318, '110001310001'),
(319, '110001312000'),
(320, '110001313000'),
(321, '110001314000'),
(322, '110001315000'),
(323, '110001316000'),
(324, '110001317000'),
(325, '110001318000'),
(326, '110001319000'),
(327, '110001320000'),
(328, '110001321000'),
(329, '110001323001'),
(330, '11000132400010'),
(331, '1100013240005'),
(332, '110001325000'),
(333, '110001326000'),
(334, '110001326001'),
(335, '110001326006'),
(336, '110001327000'),
(337, '110001329000'),
(338, '110001332000'),
(339, '110001334000'),
(340, '110001336000'),
(341, '110001337000'),
(342, '110001338000'),
(343, '110001339000'),
(344, '110001340000'),
(345, '110001341000'),
(346, '110001350000'),
(347, '110001360000'),
(348, '110001370000'),
(349, '110001380000'),
(350, '1100013900005'),
(351, '110001402000'),
(352, '110001402001'),
(353, '110001403000'),
(354, '110001403001'),
(355, '110001405000'),
(356, '110001405001'),
(357, '110001407000'),
(358, '110001409000'),
(359, '110001411000'),
(360, '110001413000'),
(361, '110001414000'),
(362, '110001501000'),
(363, '110001601000'),
(364, '110001602000'),
(365, '110001603000'),
(366, '110001604000'),
(367, '110001605000'),
(368, '110001606000'),
(369, '110001608000'),
(370, '110001609000'),
(371, '110001610000'),
(372, '110001611000'),
(373, '110001612000'),
(374, '110001613000'),
(375, '110001614000'),
(376, '110001616000'),
(377, '110001617000'),
(378, '110001618000'),
(379, '110001619000'),
(380, '110001701000'),
(381, '110001702000'),
(382, '110001703000'),
(383, '110001704000'),
(384, '110001705000'),
(385, '110001706000'),
(386, '110001707000'),
(387, '110001710000'),
(388, '110001710000'),
(389, '110001711000'),
(390, '110001712000'),
(391, '110001713000'),
(392, '110001801000'),
(393, '110001803000'),
(394, '110001804000'),
(395, '110001805000'),
(396, '110001806000'),
(397, '110002001000'),
(398, '110002002000'),
(399, '110002003000'),
(400, '120010201200'),
(401, '120010301200'),
(402, '120010303200'),
(403, '120010601200'),
(404, '122010401200'),
(405, '122010401200'),
(406, '122010401200'),
(407, '122010401200'),
(408, '122010401200'),
(409, '122010401200'),
(410, '122010401200'),
(411, '122010401200'),
(412, '122010401200'),
(413, '122011801200'),
(414, '122012101200'),
(415, '122012401200'),
(416, '122012501300'),
(417, '122012503200'),
(418, '122012503200'),
(419, '122012603200'),
(420, '122013101300'),
(421, '122013201100'),
(422, '122013301200'),
(423, '122013401300'),
(424, '122013601300'),
(425, '122013701050'),
(426, '123002901000'),
(427, '123010203300'),
(428, '123010204300'),
(429, '123010302300'),
(430, '123010302300'),
(431, '123010401500'),
(432, '123010402500'),
(433, '123010403500'),
(434, '123010501500'),
(435, '123010503500'),
(436, '123010601300'),
(437, '123010604300'),
(438, '123010701300'),
(439, '123010901300'),
(440, '123011302300'),
(441, '123011601300'),
(442, '123011701200'),
(443, '123012001500'),
(444, '123012101300'),
(445, '123012201300'),
(446, '123012301500'),
(447, '123012801200'),
(448, '123012803200'),
(449, '123012805200'),
(450, '123012904000'),
(451, '123013004000'),
(452, '123013201300'),
(453, '123013202300'),
(454, '123013301250'),
(455, '123013501300'),
(456, '123013502300'),
(457, '123013903000'),
(458, '123014001300'),
(459, '123014301000'),
(460, '123014301000'),
(461, '123014301000'),
(462, '123014302000'),
(463, '123014402500'),
(464, '123014801200'),
(465, '123015801200'),
(466, '123050505000'),
(467, '123051801200'),
(468, '123051802200'),
(469, '123053301200'),
(470, '123053302000'),
(471, '123053303000'),
(472, '123053303300'),
(473, '123053303500'),
(474, '123053304000'),
(475, '123053304200'),
(476, '124052903100'),
(477, '125013901200'),
(478, '125014301200'),
(479, '126010101100'),
(480, '126010101200'),
(481, '126010601200'),
(482, '126010701200'),
(483, '126010901200'),
(484, '126011001200'),
(485, '126011201200'),
(486, '126011202200'),
(487, '126050101000'),
(488, '126050101200'),
(489, '126050601000'),
(490, '126050601200'),
(491, '126050701000'),
(492, '126050701200'),
(493, '126050801000'),
(494, '126050801200'),
(495, '126050901000'),
(496, '126050901200'),
(497, '126051001000'),
(498, '126051001200'),
(499, '126051101000'),
(500, '126051101200'),
(501, '126051201000'),
(502, '126051201500'),
(503, '127010603150'),
(504, '127010701150'),
(505, '127010901200'),
(506, '127011001000'),
(507, '127011001150'),
(508, '127011101200'),
(509, '127011501150'),
(510, '127011701000'),
(511, '127011701150'),
(512, '130030701100'),
(513, '130030702070'),
(514, '130030703070'),
(515, '130030901070'),
(516, '131030101250'),
(517, '131030201200'),
(518, '131030401200'),
(519, '132030404100'),
(520, '132030503250'),
(521, '132030701200'),
(522, '132031001300'),
(523, '132031102300'),
(524, '132031201300'),
(525, '132031901100'),
(526, '132032601300'),
(527, '132033001250'),
(528, '133031501500'),
(529, '133032301500'),
(530, '133053302200'),
(531, '133055101200'),
(532, '134030101100'),
(533, '137000301125'),
(534, '137000301150'),
(535, '137000302125'),
(536, '137000302150'),
(537, '137000401100'),
(538, '137000401200'),
(539, '137001801100'),
(540, '137001801100'),
(541, '137030201100'),
(542, '137032001100'),
(543, '140000101080'),
(544, '140000102080'),
(545, '140000201080'),
(546, '140000202080'),
(547, '140000202200'),
(548, '140005201150'),
(549, '160060101150'),
(550, '160060201150'),
(551, '160060202000'),
(552, '160060301050'),
(553, '160060302000'),
(554, '160060303000'),
(555, '160060402000'),
(556, '160061302000'),
(557, '160061402000'),
(558, '160061902000'),
(559, '161060101350'),
(560, '161060201150'),
(561, '161060202000'),
(562, '161060402000'),
(563, '161060502000'),
(564, '161060602000'),
(565, '161060702000'),
(566, '161060802000'),
(567, '161060902000'),
(568, '161061002000'),
(569, '162060101150'),
(570, '162060102000'),
(571, '162060201180'),
(572, '162060202000'),
(573, '162060301180'),
(574, '162060302000'),
(575, '162060401180'),
(576, '162060402000'),
(577, '162060501150'),
(578, '162060502000'),
(579, '162060601000'),
(580, '162060602000'),
(581, '162060701100'),
(582, '162060702000'),
(583, '162060801150'),
(584, '162060802000'),
(585, '162060802150'),
(586, '162060803000'),
(587, '162060804000'),
(588, '162060901050'),
(589, '162061001050'),
(590, '162061002000'),
(591, '162061202000'),
(592, '162062302000'),
(593, '162063902000'),
(594, '163060101000'),
(595, '163060102000'),
(596, '163060201180'),
(597, '163060202000'),
(598, '163060290200'),
(599, '163060301000'),
(600, '163060302000'),
(601, '163060401000'),
(602, '163060402000'),
(603, '163060501000'),
(604, '163060502000'),
(605, '163060601300'),
(606, '163060602000'),
(607, '163060701250'),
(608, '163060702000'),
(609, '163060801000'),
(610, '163060802000'),
(611, '163060901000'),
(612, '163060902000'),
(613, '163061001000'),
(614, '163061101000'),
(615, '163061102000'),
(616, '163061201000'),
(617, '163061202000'),
(618, '163061301000'),
(619, '163061302000'),
(620, '163061401000'),
(621, '163061402000'),
(622, '163061501000'),
(623, '163061502000'),
(624, '163061503000'),
(625, '163061504000'),
(626, '163061601000'),
(627, '163061701000'),
(628, '163061702000'),
(629, '163061801150'),
(630, '163061802000'),
(631, '163061901000'),
(632, '163061902000'),
(633, '163062001000'),
(634, '163062002000'),
(635, '163062101350'),
(636, '163062102000'),
(637, '163062201200'),
(638, '163062202000'),
(639, '163062301000'),
(640, '163062602000'),
(641, '163062902000'),
(642, '163063202000'),
(643, '163063302000'),
(644, '163063902000'),
(645, '163064102000'),
(646, '163065802000'),
(647, '163065803000'),
(648, '163065804000'),
(649, '164060102000'),
(650, '164060702000'),
(651, '164060802000'),
(652, '164061202000'),
(653, '164061502000'),
(654, '164061602000'),
(655, '164061902000'),
(656, '164062102000'),
(657, '165060101150'),
(658, '165060102000'),
(659, '165060201350'),
(660, '165060202000'),
(661, '165060301350'),
(662, '165060302000'),
(663, '165060401350'),
(664, '166061202000'),
(665, '166061203000'),
(666, '166061203200'),
(667, '166061204000'),
(668, '166061205000'),
(669, '166061205200'),
(670, '166061206000'),
(671, '166061207000'),
(672, '166061207200'),
(673, '166061209200'),
(674, '166061210200'),
(675, '166061211500'),
(676, '167060101150'),
(677, '167060102000'),
(678, '167060201150'),
(679, '167060202000'),
(680, '167060301150'),
(681, '167060302000'),
(682, '167060401100'),
(683, '167060402000'),
(684, '167060501150'),
(685, '167060502000'),
(686, '167060503000'),
(687, '167060602000'),
(688, '168000401120'),
(689, '168000403120'),
(690, '168000601200'),
(691, '168000602200'),
(692, '168000701000'),
(693, '168000902200'),
(694, '168001101200'),
(695, '168001102200'),
(696, '168001202000'),
(697, '168001203000'),
(698, '168001802000'),
(699, '168001804200'),
(700, '168001804300'),
(701, '168001902200'),
(702, '168001904200'),
(703, '168002101000'),
(704, '168002102000'),
(705, '168002602200'),
(706, '168002603000'),
(707, '168002603200'),
(708, '168002605150'),
(709, '168002702200'),
(710, '168002802200'),
(711, '168003006100'),
(712, '168003201000'),
(713, '168003201100'),
(714, '168003202000'),
(715, '168003204000'),
(716, '168003205000'),
(717, '168003205200'),
(718, '168003208200'),
(719, '168003208300'),
(720, '168003803000'),
(721, '168003901000'),
(722, '168010902200'),
(723, '168011101200'),
(724, '168011102200'),
(725, '168011202000'),
(726, '168011308150'),
(727, '168011902200'),
(728, '168011904200'),
(729, '168012602200'),
(730, '168012603200'),
(731, '168012605150'),
(732, '168012802200'),
(733, '168013205200'),
(734, '192061001000'),
(735, '192064201000'),
(736, '193060101000'),
(737, '193060402000'),
(738, '193060601000'),
(739, '193061301000'),
(740, '193065401000'),
(741, '193065402000'),
(742, '195060601000'),
(743, '195060602000'),
(744, '195061302000'),
(745, '195061701000'),
(746, '195062301000'),
(747, '195064101000'),
(748, '195065401000'),
(749, '196060404600'),
(750, '196060702000'),
(751, '196064101000'),
(752, '196064105000'),
(753, '197060501000'),
(754, '2027000101100'),
(755, '2027000501150'),
(756, '2150102001066'),
(757, '2150103001218'),
(758, '2150103001225'),
(759, '2150103001249'),
(760, '2150103001256'),
(761, '2150103001270'),
(762, '2150103001287'),
(763, '2150103001294'),
(764, '2150103001300'),
(765, '2150103001324'),
(766, '2150103001355'),
(767, '2150103001447'),
(768, '2150103001485'),
(769, '2150103001492'),
(770, '2150103001515'),
(771, '2150103001546'),
(772, '2150103001560'),
(773, '2150103001577'),
(774, '2150103001584'),
(775, '2150103001607'),
(776, '2150103001638'),
(777, '2150103001652'),
(778, '2150103001676'),
(779, '2150103001683'),
(780, '2150103001690'),
(781, '2150103001713'),
(782, '2150103001737'),
(783, '2150103001768'),
(784, '2150103001775'),
(785, '2150103001782'),
(786, '2150103001799'),
(787, '2150103001805'),
(788, '2150103002000'),
(789, '2150103002031'),
(790, ''),
(791, ''),
(792, '');

-- --------------------------------------------------------

--
-- Table structure for table `sourcing`
--

CREATE TABLE `sourcing` (
  `sourcing_id` int(10) NOT NULL,
  `sourcing_name` varchar(250) NOT NULL
) ENGINE=InnoDB DEFAULT CHARSET=utf8;

-- --------------------------------------------------------

--
-- Table structure for table `status`
--

CREATE TABLE `status` (
  `status_id` int(10) NOT NULL,
  `status_name` varchar(200) NOT NULL
) ENGINE=InnoDB DEFAULT CHARSET=utf8;

--
-- Dumping data for table `status`
--

INSERT INTO `status` (`status_id`, `status_name`) VALUES
(1, 'On'),
(2, 'Off');

-- --------------------------------------------------------

--
-- Table structure for table `sub`
--

CREATE TABLE `sub` (
  `sub_id` int(10) NOT NULL,
  `sub_number` varchar(100) NOT NULL,
  `sub_name` varchar(250) NOT NULL,
  `sub_phone` varchar(250) DEFAULT NULL,
  `sub_contact_name` varchar(250) DEFAULT NULL,
  `sub_address` varchar(250) DEFAULT NULL,
  `type_id` int(10) NOT NULL,
  `status` int(10) DEFAULT '0'
) ENGINE=InnoDB DEFAULT CHARSET=utf8;

--
-- Dumping data for table `sub`
--

INSERT INTO `sub` (`sub_id`, `sub_number`, `sub_name`, `sub_phone`, `sub_contact_name`, `sub_address`, `type_id`, `status`) VALUES
(1, '2003', 'คุณดารุณี  ปรีชา', NULL, NULL, NULL, 3, 0),
(2, '2005', 'บริษัท เกษตรอินทรีย์ จำกัด', NULL, NULL, NULL, 1, 0),
(3, '2007', 'บริษัท โกลบอล เทรด แอนด์ ดิสทริบิวชั่น จำกัด', NULL, NULL, NULL, 3, 0),
(4, '2010', 'บริษัท ทุ่งทำเลทอง จำกัด', NULL, NULL, NULL, 4, 0),
(5, '2012', 'บริษัท โปร เห็ด จำกัด', NULL, NULL, NULL, 1, 0),
(6, '2020', 'บริษัท นวธัญเวิล์ด ฟรุ๊ต จำกัด', NULL, NULL, NULL, 3, 0),
(7, '2022', 'บริษัท มาย เวเจ็ทเทเบิ้ล แอนด์ ฟรุท  จำกัด', NULL, NULL, NULL, 1, 0),
(8, '2027', 'บริษัท ฟู้ด แกลเลอรี่ จำกัด', NULL, NULL, NULL, 3, 0),
(9, '2028', 'บริษัท ซาคานา จำกัด', NULL, NULL, NULL, 1, 0),
(10, '2029', 'บริษัท ซิตี้ เฟรช ฟรุ๊ต จำกัด', NULL, NULL, NULL, 3, 0),
(11, '2047', 'บริษัท เอสพี เพรช อินเตอร์เทรด จำกัด', NULL, NULL, NULL, 1, 0),
(12, '2049', 'บริษัท อาร์เอชเจ อินเตอร์เนชั่นแนล (ไทยแลนด์)จำกัด', NULL, NULL, NULL, 3, 0),
(13, '2051', 'บริษัท บางกอก ฟู้ด ซิสเต็ม จำกัด (สำนักงานใหญ่)', NULL, NULL, NULL, 3, 0),
(14, '2052', 'บริษัท ไทย เอซี อินเตอร์เฟรช จำกัด (สำนักงานใหญ่)', NULL, NULL, NULL, 3, 0),
(15, '2054', 'บริษัท เอสพี ฟูดส์ โพรดัก จำกัด', NULL, NULL, NULL, 3, 0),
(16, '2058', 'บริษัท แนชเชอรัล แอนด์ พรีเมี่ยม ฟู๊ด จำกัด', NULL, NULL, NULL, 1, 0),
(17, '2076', 'บริษัท เบตเตอร์แพลนต์ มาร์เกตติ้ง จำกัด (สำนักงานใหญ่)', NULL, NULL, NULL, 1, 0),
(18, '2090', 'บริษัท บีเวอร์มูน จำกัด', NULL, NULL, NULL, 3, 0),
(19, '2113', 'บริษัท สทิล ยัง ฟาร์ม จำกัด', NULL, NULL, NULL, 4, 0),
(20, '2117', 'บริษัท ทรัพย์สนใจยิ่ง 88 ฟาร์ม จำกัด', NULL, NULL, NULL, 1, 0),
(21, '3001', 'มูลนิธิโครงการหลวง', NULL, NULL, NULL, 1, 0),
(22, '3014', 'คุณอภิรมย์ฤดี  เหมือนช้าง', NULL, NULL, NULL, 1, 0),
(23, '3015', 'นายประยงค์ วงษ์สกุล', NULL, NULL, NULL, 1, 0),
(24, '3063', 'นายวัฒนา  สันนิธิลาวัณย์', NULL, NULL, NULL, 1, 0),
(25, '3077', 'มูลนิธิโครงการหลวง (ฝ่ายตลาดกรุงเทพ)', NULL, NULL, NULL, 1, 0),
(26, '3081', 'นางสาวประทิน  มะณีโคต', NULL, NULL, NULL, 2, 0),
(27, '4003', 'คุณ อนุพงศ์ แก้วกาญจนเศรษฐ์', NULL, NULL, NULL, 1, 0),
(28, '4014', 'คุณสมบัติ  กล้าจริง', NULL, NULL, NULL, 1, 0),
(29, '4041', 'คุณนาวี  สรวิทยวิเชียร', NULL, NULL, NULL, 1, 0),
(30, '4042', 'นฤมล  เครือนาค', NULL, NULL, NULL, 1, 0),
(31, '4059', 'นาย  จิรศักดิ์  เรืองโรจน์', NULL, NULL, NULL, 2, 0),
(32, '4060', 'นายชัชวัล จงกลณี', NULL, NULL, NULL, 1, 0),
(33, '4061', 'คุณดารุณี  ปรีชา', NULL, NULL, NULL, 2, 0),
(34, '4065', 'คุณสมศักดิ์  วิลัยกุล', NULL, NULL, NULL, 2, 0),
(35, '4073', 'นาง พัชรี  อัตวัฒนา', NULL, NULL, NULL, 3, 0),
(36, '4074', 'นาย สหธัช  เมฆาลัย', NULL, NULL, NULL, 1, 0),
(37, '4076', 'นาย สกล สุกิจจาภิรมย์', NULL, NULL, NULL, 1, 0),
(38, '4084', 'นางสุภชา  งามเสถียร', NULL, NULL, NULL, 2, 0),
(39, '4085', 'นายชุมพล  ชาวเมืองทอง', NULL, NULL, NULL, 2, 0),
(40, '4090', 'น.ส.ระพีพร ผาสบ', NULL, NULL, NULL, 2, 0),
(41, '4091', 'นาย ณัฐพงษ์ เจริญ', NULL, NULL, NULL, 1, 0),
(42, '4092', 'ตลาดสด', NULL, NULL, NULL, 3, 0),
(43, '4093', 'นางณัฐปภา พาณิชย์วรชัยกุล', NULL, NULL, NULL, 2, 0),
(44, '4102', 'น.ส.สุกัญญา จำรูญบุญ', NULL, NULL, NULL, 1, 0),
(45, '4105', 'นาย กานดิศพงศ์  แสงเพิ่ม', NULL, NULL, NULL, 3, 0),
(46, '8013', 'นายสมชาย  แก้วเลื่อน', NULL, NULL, NULL, 4, 0);

-- --------------------------------------------------------

--
-- Table structure for table `type`
--

CREATE TABLE `type` (
  `type_id` int(10) NOT NULL,
  `type_name` varchar(250) NOT NULL
) ENGINE=InnoDB DEFAULT CHARSET=utf8;

--
-- Dumping data for table `type`
--

INSERT INTO `type` (`type_id`, `type_name`) VALUES
(1, 'ผัก'),
(2, 'ผลไม้ไทย'),
(3, 'ผลไม้นอก'),
(4, 'ผัก/ผลไม้ไทย'),
(5, 'ผัก/ผลไม้นอก'),
(6, 'ผลไม้ไทย/ผลไม้นอก'),
(7, 'ผัก/ผลไม้ไทย/ผลไม้นอก');

-- --------------------------------------------------------

--
-- Table structure for table `user`
--

CREATE TABLE `user` (
  `user_id` int(10) NOT NULL,
  `protion_id` int(10) NOT NULL,
  `username` varchar(250) NOT NULL,
  `password` varchar(250) NOT NULL,
  `email` varchar(250) NOT NULL,
  `firstname` varchar(250) NOT NULL,
  `landname` varchar(250) NOT NULL,
  `status_id` int(10) NOT NULL DEFAULT '1',
  `branch_id` int(10) NOT NULL,
  `date` timestamp NULL DEFAULT NULL
) ENGINE=InnoDB DEFAULT CHARSET=utf8;

--
-- Dumping data for table `user`
--

INSERT INTO `user` (`user_id`, `protion_id`, `username`, `password`, `email`, `firstname`, `landname`, `status_id`, `branch_id`, `date`) VALUES
(1, 1, 'admin', '1234', 'lattachai25@gmail.com', 'lattachau', 'Rodngam', 1, 1, '2020-12-27 17:00:00'),
(2, 2, 'nut', '1234', 'lattahcai@gmail.com', 'nutwafaf', 'nut', 1, 2, '2020-12-28 17:00:00'),
(3, 1, 'lattachai.r_crm', '12345', 'test@gmail.com', 'test', 'test', 1, 11, NULL),
(4, 4, 'admin111', '12345678', 'test@gmail.com', 'test1', '11111', 1, 11, NULL),
(5, 4, 'admin111', '12345678', 'test@gmail.com', 'test1', '11111', 1, 11, NULL),
(6, 1, 'admin111111', '111111', 'test@gmail.com', 'test1111', 'test1111', 1, 11, NULL),
(7, 1, 'admin111111', '111111', 'test@gmail.com', 'test1111', 'test1111', 1, 11, NULL),
(8, 1, 'admin111111', '111111', 'test@gmail.com', 'test1111', 'test1111', 1, 11, NULL),
(9, 1, 'admin111111', '111111', 'test@gmail.com', 'test1111', 'test1111', 1, 11, NULL),
(10, 1, 'admin111111', '111111', 'test@gmail.com', 'test1111', 'test1111', 1, 11, NULL),
(11, 2, 'admin222', '222222', 'test@gmail.com', 'test222', 'test222', 0, 12, NULL),
(12, 2, 'admin222', '222222', 'test@gmail.com', 'test222', 'test222', 0, 12, NULL),
(13, 2, 'admin222', '222222', 'test@gmail.com', 'test222', 'test222', 0, 12, NULL),
(14, 2, 'admin222', '222222', 'test@gmail.com', 'test222', 'test222', 0, 12, NULL),
(15, 1, 'admin1313', '13313131', 'test@gmail.com', 'test13', '13313', 1, 13, NULL),
(16, 1, 'admin1313', '13313131', 'test@gmail.com', 'test131212121', '13313', 1, 13, NULL),
(17, 1, 'admin1313', '13313131', 'test@gmail.com', 'test131212121', '13313', 1, 13, NULL),
(18, 1, 'admin1313', '13313131', 'test@gmail.com', 'test131212121', '13313', 1, 13, NULL),
(19, 1, 'admin1313', '13313131', 'test@gmail.com', 'test131212121', '13313', 1, 13, NULL),
(20, 2, 'admin321321', '12132131', 'test@gmail.com', 'test2131', 'test213213', 1, 12, NULL),
(21, 2, 'admintttttttttttttttttttt', 'ttttttttttttt', 'testtttttttttt@gmail.com', 'ttttttttt', 'ttttttttttttt', 1, 1, NULL),
(22, 8013, '8013', 'Test4', '000-000-0000', '000-000-0000', '1234', 5, 5, NULL),
(23, 8013, '8013', 'Test4', '000-000-0000', '000-000-0000', '1234', 5, 5, NULL),
(24, 8013, '8013', 'Test4', '000-000-0000', '000-000-0000', '1234', 5, 5, NULL),
(25, 2, 'กระเฉดเด็ด', '123456', 'testtttttttttt@gmail.com', 'กระเฉดเด็ด', 'กระเฉดเด็ด', 1, 1, NULL);

-- --------------------------------------------------------

--
-- Table structure for table `users`
--

CREATE TABLE `users` (
  `id_user` int(10) NOT NULL,
  `username` varchar(250) NOT NULL,
  `password` varchar(250) NOT NULL
) ENGINE=InnoDB DEFAULT CHARSET=utf8;

--
-- Dumping data for table `users`
--

INSERT INTO `users` (`id_user`, `username`, `password`) VALUES
(1, 'admin', '1234');

-- --------------------------------------------------------

--
-- Table structure for table `vegetable`
--

CREATE TABLE `vegetable` (
  `vegetable_id` int(10) NOT NULL,
  `vegetable_name` varchar(250) NOT NULL,
  `product_type_id` int(10) NOT NULL,
  `price_id` int(100) NOT NULL,
  `plu_code_id` int(10) NOT NULL,
  `sku_code_id` int(10) NOT NULL,
  `sub_id` int(10) NOT NULL
) ENGINE=InnoDB DEFAULT CHARSET=utf8;

--
-- Dumping data for table `vegetable`
--

INSERT INTO `vegetable` (`vegetable_id`, `vegetable_name`, `product_type_id`, `price_id`, `plu_code_id`, `sku_code_id`, `sub_id`) VALUES
(2, 'กระเฉดเด็ด', 7, 1, 0, 2, 1),
(3, 'กระชายฝอย', 7, 0, 0, 3, 0),
(4, 'กระชายหัว', 7, 0, 0, 4, 0),
(5, 'ขมิ้นขาว', 7, 0, 0, 5, 0),
(6, 'ขมิ้นเหลือง', 7, 0, 0, 6, 0),
(7, 'ข่าอ่อน', 7, 0, 0, 7, 0),
(8, 'ขิงแก่', 7, 0, 0, 8, 0),
(9, 'ขิงซอย', 7, 0, 0, 9, 0),
(10, 'ขิงอ่อน', 7, 0, 0, 10, 0),
(11, 'ตะไคร้', 7, 0, 0, 11, 0),
(12, 'ข่าแก่', 7, 0, 0, 12, 0),
(13, 'ข่าอ่อน ตัดแต่ง', 7, 0, 0, 13, 0),
(14, 'ตะไคร้ ตัดแต่ง', 7, 0, 0, 14, 0),
(15, 'กระเทียมไทยกลีบเล็ก', 7, 0, 0, 15, 0),
(16, 'กระเทียมไทยกลีบเล็ก (หัว)', 7, 0, 0, 16, 0),
(17, 'กระเทียมจีน(กลีบใหญ่)', 7, 0, 0, 17, 0),
(18, 'กระเทียมจีนกลีบใหญ่ (หัว)', 7, 0, 0, 18, 0),
(19, 'หอมแดงไทย/ตัดจุก', 7, 0, 0, 19, 0),
(20, 'หอมแขก', 7, 0, 0, 20, 0),
(21, 'หอมหัวใหญ่', 7, 0, 0, 21, 0),
(22, 'หอมหัวใหญ่(ปอกเปลือก)', 7, 0, 0, 22, 0),
(23, 'กระเทียมจีนกลีบใหญ่(ปอกเปลือก)', 7, 0, 0, 23, 0),
(24, 'หอมหัวใหญ่ ( R )', 7, 0, 0, 24, 0),
(25, 'ข่าอ่อน (R)', 7, 0, 0, 25, 0),
(26, 'หอมแขก (ปอกเปลือก)', 7, 0, 0, 26, 0),
(27, 'กระเทียมโทน (ปอกเปลือก)', 7, 0, 0, 27, 0),
(28, 'หอมแดงไทย (ปอกเปลือก)', 7, 0, 0, 28, 0),
(29, 'กระเทียมจีน (กลีบเล็ก)', 7, 0, 0, 29, 0),
(30, 'หอมแดงไทย ตัดแต่ง', 7, 0, 0, 30, 0),
(31, 'กรีนโอ๊ค', 7, 0, 0, 31, 0),
(32, 'กวางตุ้งดอก', 7, 0, 0, 32, 0),
(33, 'กวางตุ้งฮ่องกง', 7, 0, 0, 33, 0),
(34, 'กวางตุ้งฮ่องเต้', 7, 0, 0, 34, 0),
(35, 'กวางตุ้งใบ', 7, 0, 0, 35, 0),
(36, 'กวางตุ้งไต้หวัน', 7, 0, 0, 36, 0),
(37, 'กะหล่ำดอกขาว', 7, 0, 0, 37, 0),
(38, 'กะหล่ำปลี', 7, 0, 0, 38, 0),
(39, 'กะหล่ำปลีแดง', 7, 0, 0, 39, 0),
(40, 'กะหล่ำปลีหัวใจ', 7, 0, 0, 40, 0),
(41, 'กะหล่ำปลี (R)', 7, 0, 0, 41, 0),
(42, 'กะหล่ำดอกขาว (R)', 7, 0, 0, 42, 0),
(43, 'กะหล่ำปลีแดง ( R)', 7, 0, 0, 43, 0),
(44, 'กระถิน', 7, 0, 0, 44, 0),
(45, 'ต้นกระเทียมญี่ปุ่น', 7, 0, 0, 45, 0),
(46, 'ต้นหอมไทย', 7, 0, 0, 46, 0),
(47, 'ต้นหอมญี่ปุ่น', 7, 0, 0, 47, 0),
(48, 'คื่นช่าย', 7, 0, 0, 48, 0),
(49, 'ผักชีไทย', 7, 0, 0, 49, 0),
(50, 'รากผักชี', 7, 0, 0, 50, 0),
(51, 'ผักชีฝรั่ง/ใบเลื่อย', 7, 0, 0, 51, 0),
(52, 'ผักชีลาว', 7, 0, 0, 52, 0),
(53, 'ข้าวโพดสวิท (ฝัก)', 9, 0, 0, 53, 0),
(54, 'ข้าวโพดสวิท', 7, 0, 0, 54, 0),
(55, 'ข้าวโพดอ่อน คัดเกรด', 7, 0, 0, 55, 0),
(56, 'ข้าวโพดอ่อน/ติดหมวก', 7, 0, 0, 56, 0),
(57, 'ข้าวโพดหวาน(แกะเมล็ด)', 7, 0, 0, 57, 0),
(58, 'ข้าวโพดหวาน ออร์แกนิก (ฝัก)', 9, 0, 0, 58, 0),
(59, 'ข้าวโพดหวาน', 7, 0, 0, 59, 0),
(60, 'ข้าวโพดหวานสดไม่ปอกเปลือก', 9, 0, 0, 60, 0),
(61, 'แขนงคะน้า', 7, 0, 0, 61, 0),
(62, 'แขนงไต้หวัน', 7, 0, 0, 62, 0),
(63, 'คะน้ายอด', 7, 0, 0, 63, 0),
(64, 'คะน้าฮ่องกง', 7, 0, 0, 64, 0),
(65, 'คะน้า', 7, 0, 0, 65, 0),
(66, 'คะน้า (ต้นใหญ่)', 7, 0, 0, 66, 0),
(67, 'แครอทนอก', 7, 0, 0, 67, 0),
(68, 'แครอทออสเตรเลีย', 7, 0, 0, 68, 0),
(69, 'แครอท (R)', 7, 0, 0, 69, 0),
(70, 'ซูกินี่', 7, 0, 0, 70, 0),
(71, 'เซเลอรี่นอก', 7, 0, 0, 71, 0),
(72, 'เซเลอรี่นอก(R)', 7, 0, 0, 72, 0),
(73, 'ดอกกุ่ยช่าย', 7, 0, 0, 73, 0),
(74, 'ดอกแค', 7, 0, 0, 74, 0),
(75, 'ดอกหอม', 7, 0, 0, 75, 0),
(76, 'แตงกวา', 7, 0, 0, 76, 0),
(77, 'แตงกวาญี่ปุ่น', 7, 0, 0, 77, 0),
(78, 'แตงร้าน', 7, 0, 0, 78, 0),
(79, 'แตงกวาญี่ปุ่น(R)', 7, 0, 0, 79, 0),
(80, 'ถั่วแขก', 7, 0, 0, 80, 0),
(81, 'ถั่วงอก/ไม่เด็ดหัว-หาง', 7, 0, 0, 81, 0),
(82, 'ถั่วฝักยาว', 7, 0, 0, 82, 0),
(83, 'ถั่วลันเตาเล็ก', 7, 0, 0, 83, 0),
(84, 'ถั่วลันเตาหวาน', 7, 0, 0, 84, 0),
(85, 'ถั่วฝักยาว (R)', 7, 0, 0, 85, 0),
(86, 'ถั่วงอก เด็ด หัว-หาง', 7, 0, 0, 86, 0),
(87, 'ถั่วพลู', 7, 0, 0, 87, 0),
(88, 'บร็อคโคลี่นอก', 7, 0, 0, 88, 0),
(89, 'บร็อคโคโลนี', 7, 0, 0, 89, 0),
(90, 'บร็อคโคลี่นอก (R)', 7, 0, 0, 90, 0),
(91, 'บวบงู', 7, 0, 0, 91, 0),
(92, 'บวบเหลี่ยม (12-17นิ้ว/ลูก)', 7, 0, 0, 92, 0),
(93, 'บวบเหลี่ยม  (R)', 7, 0, 0, 93, 0),
(94, 'บัตเตอร์เฮด', 7, 0, 0, 94, 0),
(95, 'เบบี้ฮ่องเต้', 7, 0, 0, 95, 0),
(96, 'เบบี้คอส', 7, 0, 0, 96, 0),
(97, 'เบบี้หางหงส์', 7, 0, 0, 97, 0),
(98, 'ใบกระเพรา', 7, 0, 0, 98, 0),
(99, 'ใบกุ่ยช่ายเขียว', 7, 0, 0, 99, 0),
(100, 'ใบตอง', 7, 0, 0, 100, 0),
(101, 'ใบเตย', 7, 0, 0, 101, 0),
(102, 'ใบเฟิร์น', 6, 0, 0, 102, 0),
(103, 'ใบมะกรูด', 7, 0, 0, 103, 0),
(104, 'ใบแมงลัก', 7, 0, 0, 104, 0),
(105, 'ใบสะระแหน่', 7, 0, 0, 105, 0),
(106, 'ใบโหระพา', 7, 0, 0, 106, 0),
(107, 'ใบบัวบก', 7, 0, 0, 107, 0),
(108, 'ใบกระเพราบ้าน', 7, 0, 0, 108, 0),
(109, 'ใบเหลียง', 7, 0, 0, 109, 0),
(110, 'ใบมะกรูด ตัดแต่ง', 7, 0, 0, 110, 0),
(111, 'ปวยเล้ง', 7, 0, 0, 111, 0),
(112, 'ปวยเล้ง R', 7, 0, 0, 112, 0),
(113, 'สลัดแก้ว/ไทย', 7, 0, 0, 113, 0),
(114, 'ผักกาดขาว', 7, 0, 0, 114, 0),
(115, 'ผักกาดหวาน (คอส)', 7, 0, 0, 115, 0),
(116, 'ผักกาดหอม', 7, 0, 0, 116, 0),
(117, 'ผักกาดขาว (R)', 7, 0, 0, 117, 0),
(118, 'ผักกาดหอม R', 7, 0, 0, 118, 0),
(119, 'ผักกาดหางหงษ์', 7, 0, 0, 119, 0),
(120, 'ผักโขมแก้ว', 7, 0, 0, 120, 0),
(121, 'ผักโขม/ป๊อบอาย', 7, 0, 0, 121, 0),
(122, 'ผักบุ้งจีน', 7, 0, 0, 122, 0),
(123, 'ผักบุ้งไทย', 7, 0, 0, 123, 0),
(124, 'ผักหวานบ้าน', 7, 0, 0, 124, 0),
(125, 'ผักกูด', 7, 0, 0, 125, 0),
(126, 'ผักแขยง', 7, 0, 0, 126, 0),
(127, 'ผักแพว', 7, 0, 0, 127, 0),
(128, 'พริกขี้หนูเขียวก้าน', 7, 0, 0, 128, 0),
(129, 'พริกขี้หนูเขียว(เด็ดก้าน)', 7, 0, 0, 129, 0),
(130, 'พริกขี้หนูเขียว-แดง', 7, 0, 0, 130, 0),
(131, 'พริกขี้หนูแดงก้าน', 7, 0, 0, 131, 0),
(132, 'พริกขี้หนูแดง(เด็ดก้าน)', 7, 0, 0, 132, 0),
(133, 'พริกขี้หนูสวน', 7, 0, 0, 133, 0),
(134, 'พริกชี้ฟ้าเขียว', 7, 0, 0, 134, 0),
(135, 'พริกชี้ฟ้าแดง', 7, 0, 0, 135, 0),
(136, 'พริกชี้ฟ้าเหลือง', 7, 0, 0, 136, 0),
(137, 'พริกไทยอ่อน', 7, 0, 0, 137, 0),
(138, 'พริกยักษ์เขียว', 7, 0, 0, 138, 0),
(139, 'พริกยักษ์แดง', 7, 0, 0, 139, 0),
(140, 'พริกยักษ์เหลือง', 7, 0, 0, 140, 0),
(141, 'พริกหนุ่ม', 7, 0, 0, 141, 0),
(142, 'พริกหยวก', 7, 0, 0, 142, 0),
(143, 'พริกยักษ์แดง เกรด C', 7, 0, 0, 143, 0),
(144, 'พริกยักษ์เขียว เกรด C', 7, 0, 0, 144, 0),
(145, 'พริกยักษ์เหลือง เกรด C', 7, 0, 0, 145, 0),
(146, 'พริกขี้หนูสวนเขียว-แดง มีก้าน', 7, 0, 0, 146, 0),
(147, 'พริกขี้หนูสวนเขียว (เด็ดก้าน)', 7, 0, 0, 147, 0),
(148, 'พริกขี้หนูสวนแดง (เด็ดก้าน)', 7, 0, 0, 148, 0),
(149, 'พริกขี้หนูแดง_ คัดไซส์', 7, 0, 0, 149, 0),
(150, 'พริกขี้หนูแดง(เด็ดก้าน)_คละไซส์', 7, 0, 0, 150, 0),
(151, 'พริกขี้หนูเขียว(เด็ดก้าน)_คัดไซส์', 7, 0, 0, 151, 0),
(152, 'พริกขี้หนูแดง(แห้ง)', 7, 0, 0, 152, 0),
(153, 'พริกชี้ฟ้าแดง (เด็ดก้าน)', 7, 0, 0, 153, 0),
(154, 'ฟักเขียวอ่อน', 7, 0, 0, 154, 0),
(155, 'ฟักเขียวแก่', 7, 0, 0, 155, 0),
(156, 'ฟักทองไทย (2 500-5 000 กรัม/ลูก)', 10, 0, 0, 156, 0),
(157, 'ฟักทองไทย  (2 500-5 000 กรัม/ลูก)', 7, 0, 0, 157, 0),
(158, 'ฟักทองญี่ปุ่น (1600 กรัม/ลูก ขึ้นไป )', 7, 0, 0, 158, 0),
(159, 'ฟักทองไทย (3 000-7 000กรัม/ลูก)', 7, 0, 0, 159, 0),
(160, 'ฟักทอง บัตเตอร์นัท สคอทชM  (2 ลูก/1 กิโลกรัม)', 7, 0, 0, 160, 0),
(161, 'ฟักทอง บัตเตอร์นัท สคอทชL (2 ลูก/1.5 กิโลกรัมขึ้นไป)', 7, 0, 0, 161, 0),
(162, 'ฟักทอง บัตเตอร์นัท สคอทชXL (1 ลูก/1 กิโลกรัมขึ้นไป)', 7, 0, 0, 162, 0),
(163, 'มะเขือไข่เต่า', 7, 0, 0, 163, 0),
(164, 'มะเขือตอแหล', 7, 0, 0, 164, 0),
(165, 'มะเขือเปราะลาย', 7, 0, 0, 165, 0),
(166, 'มะเขือเทศเชอรี่เหลือง', 7, 0, 0, 166, 0),
(167, 'มะเขือเทศเชอรี่แดง', 7, 0, 0, 167, 0),
(168, 'มะเขือเทศท้อ', 7, 0, 0, 168, 0),
(169, 'มะเขือเทศพันธุ์เนื้อ', 7, 0, 0, 169, 0),
(170, 'มะเขือเทศสีดา', 7, 0, 0, 170, 0),
(171, 'มะเขือเปราะ', 7, 0, 0, 171, 0),
(172, 'มะเขือพวง', 7, 0, 0, 172, 0),
(173, 'มะเขือม่วง', 7, 0, 0, 173, 0),
(174, 'มะเขือม่วงก้านเขียว', 7, 0, 0, 174, 0),
(175, 'มะเขือม่วงก้านดำ', 7, 0, 0, 175, 0),
(176, 'มะเขือยาว', 7, 0, 0, 176, 0),
(177, 'มะเขือเสวย', 7, 0, 0, 177, 0),
(178, 'มะเขือเปราะ (R)', 7, 0, 0, 178, 0),
(179, 'มะเขือยาว (R)', 7, 0, 0, 179, 0),
(180, 'มะเขือเทศท้อ ( R)', 7, 0, 0, 180, 0),
(181, 'มะเขือพวง (เด็ดก้าน)', 7, 0, 0, 181, 0),
(182, 'มะเขือตอแหลสีม่วง', 7, 0, 0, 182, 0),
(183, 'มะเขือเทศพันธ์เนื้อ (Jumbo)', 7, 0, 0, 183, 0),
(184, 'มะเขือเทศเชอรี่แดง (R)', 7, 0, 0, 184, 0),
(185, 'มะเขือเทศวาลูโล่', 7, 0, 0, 185, 0),
(186, 'มะเขือเทศวาลูโล่(x2)', 7, 0, 0, 186, 0),
(187, 'มะนาว', 10, 0, 0, 187, 0),
(188, 'มะนาวเหลือง', 7, 0, 0, 188, 0),
(189, 'มะนาวเหลือง (Lemon)  (R)', 7, 0, 0, 189, 0),
(190, 'ลูกมะกรูด', 10, 0, 0, 190, 0),
(191, 'มะระขี้นก', 7, 0, 0, 191, 0),
(192, 'มะระจีน', 7, 0, 0, 192, 0),
(193, 'มะรุมปอก', 7, 0, 0, 193, 0),
(194, 'มะละกอดิบ', 7, 0, 0, 194, 0),
(195, 'มันซุป', 7, 0, 0, 195, 0),
(196, 'มันเทศหวานญี่ปุ่น [ x 5.00]', 5, 0, 0, 196, 0),
(197, 'มันเทศหวานญี่ปุ่น [ x 10.00]', 4, 0, 0, 197, 0),
(198, 'มันฝรั่ง A', 7, 0, 0, 198, 0),
(199, 'มันฝรั่ง# O', 7, 0, 0, 199, 0),
(200, 'เผือก', 7, 0, 0, 200, 0),
(201, 'มันเทศ', 7, 0, 0, 201, 0),
(202, 'เผือก ( R )', 7, 0, 0, 202, 0),
(203, 'มันเทศหวานญี่ปุ่น(เนื้อสีม่วง) [ x 5.00]', 5, 0, 0, 203, 0),
(204, 'มันเทศหวานญี่ปุ่น # 2L [ x 5.00]', 5, 0, 0, 204, 0),
(205, 'ยอดฟักซาโยเต้', 7, 0, 0, 205, 0),
(206, 'เรดโครอล', 7, 0, 0, 206, 0),
(207, 'หน่อไม้ฝรั่ง # C', 7, 0, 0, 207, 0),
(208, 'หน่อไม้ฝรั่ง # B', 7, 0, 0, 208, 0),
(209, 'หน่อไม้ลวก', 7, 0, 0, 209, 0),
(210, 'หัวไชเท้าญี่ปุ่น', 7, 0, 0, 210, 0),
(211, 'หัวไชเท้า', 7, 0, 0, 211, 0),
(212, 'หัวไชเท้า (R)', 7, 0, 0, 212, 0),
(213, 'หัวปลี', 7, 0, 0, 213, 0),
(214, 'เห็ดเข็มทอง', 7, 0, 0, 214, 0),
(215, 'เห็ดนางฟ้าภูฐาน.', 7, 0, 0, 215, 0),
(216, 'เห็ดแชมปิญอง', 7, 0, 0, 216, 0),
(217, 'เห็ดนางฟ้า', 7, 0, 0, 217, 0),
(218, 'เห็ดนางรมหลวง/ออรินจิ (ดอกเล็ก)', 7, 0, 0, 218, 0),
(219, 'เห็ดฟาง', 7, 0, 0, 219, 0),
(220, 'เห็ดโคนญี่ปุ่น', 7, 0, 0, 220, 0),
(221, 'เห็ดหอมสด', 7, 0, 0, 221, 0),
(222, 'เห็ดหูหนู', 7, 0, 0, 222, 0),
(223, 'เห็ดฮังการี่', 1, 0, 0, 223, 0),
(224, 'เห็ดหิมะ', 1, 0, 0, 224, 0),
(225, 'เห็ดหอมแห้ง', 1, 0, 0, 225, 0),
(226, 'เห็ดออรินจิ', 1, 0, 0, 226, 0),
(227, 'เห็ดออรินจิ (S)', 1, 0, 0, 227, 0),
(228, 'เห็ด ฮังการี่', 1, 0, 0, 228, 0),
(229, 'ชะอม', 7, 0, 0, 229, 0),
(230, 'ชุดต้มยำ', 8, 0, 0, 230, 0),
(231, 'ชุนฉ่าย', 7, 0, 0, 231, 0),
(232, 'ตั้งโอ๋', 7, 0, 0, 232, 0),
(233, 'ตำลึง', 7, 0, 0, 233, 0),
(234, 'บีทรูท', 7, 0, 0, 234, 0),
(235, 'ผักฉ่อย', 7, 0, 0, 235, 0),
(236, 'พาร์สเล่ย์', 7, 0, 0, 236, 0),
(237, 'รากบัวนอก', 7, 0, 0, 237, 0),
(238, 'สลัดแก้ว/นอก', 7, 0, 0, 238, 0),
(239, 'สะตอแกะ', 7, 0, 0, 239, 0),
(240, 'สายบัว', 7, 0, 0, 240, 0),
(241, 'สวีทเบซิล', 7, 0, 0, 241, 0),
(242, 'สะตอฝัก พันธุ์ไต้', 9, 0, 0, 242, 0),
(243, 'ไวลด์ร็อดเก็ต', 7, 0, 0, 243, 0),
(244, 'ร็อคเก๊ต', 7, 0, 0, 244, 0),
(245, 'เคล (Kale)', 7, 0, 0, 245, 0),
(246, 'ไทม์', 7, 0, 0, 246, 0),
(247, 'โรสแมรี่', 7, 0, 0, 247, 0),
(248, 'เบบี้สปีแนช', 7, 0, 0, 248, 0),
(249, 'เบบี้หางหงษ์', 1, 0, 0, 249, 0),
(250, 'หอมแดง+กระเทียม ปอกเปลือก 80 กรัม (Prompt)', 1, 0, 0, 250, 0),
(251, 'หอมปอก 200 กรัม (Prompt)', 1, 0, 0, 251, 0),
(252, 'หอมแขก 150 กรัม (Prompt)', 1, 0, 0, 252, 0),
(253, 'กระเทียมโทน 80 กรัม (Prompt)', 1, 0, 0, 253, 0),
(254, 'หอมแดงแกะกลีบ 80 กรัม (Prompt)', 1, 0, 0, 254, 0),
(255, 'กระเทียมแกะกลีบ 80 กรัม(Prompt)', 1, 0, 0, 255, 0),
(256, 'ชุดต้มยำ 120 กรัม (Prompt)', 1, 0, 0, 256, 0),
(257, 'เห็ดเข็มทอง 100 กรัม', 1, 0, 0, 257, 0),
(258, 'เห็ดชิเมจิ (ขาว ) 150 กรัม/แพ็ค', 1, 0, 0, 258, 0),
(259, 'เห็ดชิเมจิ (น้ำตาล) 150 กรัม/แพ็ค', 1, 0, 0, 259, 0),
(260, 'เห็ดชิเมจิ (ขาว ) 125 กรัม/แพ็ค', 1, 0, 0, 260, 0),
(261, 'เห็ดชิเมจิ (น้ำตาล) 125 กรัม/แพ็ค', 1, 0, 0, 261, 0),
(262, 'เห็ดนางฟ้าภูฐาน 150 กรัม', 1, 0, 0, 262, 0),
(263, 'เห็ดฮังการี่ 150 กรัม', 1, 0, 0, 263, 0),
(264, 'ยอดอ่อนทานตะวัน 500 กรัม', 1, 0, 0, 264, 0),
(265, 'เห็ดนางฟ้าภูฐาน โครงการหลวง 150 กรัม', 1, 0, 0, 265, 0),
(266, 'ไวท์ร็อคเก็ท 500 กรัม', 1, 0, 0, 266, 0),
(267, 'ข้าวโพดหวาน 2 สี ตัดแต่ง (ประกอบสลัด)', 7, 0, 0, 267, 0),
(268, 'ตะไคร้ออร์แกนิก', 7, 0, 0, 268, 0),
(269, 'หอมแดง ออร์แกนิก', 7, 0, 0, 269, 0),
(270, 'กระเทียม ออร์แกนิก', 7, 0, 0, 270, 0),
(271, 'ผักชีไทย ออร์แกนิก', 7, 0, 0, 271, 0),
(272, 'ต้นหอมออร์แกนิก', 7, 0, 0, 272, 0),
(273, 'คื่นช่ายออร์แกนิก', 7, 0, 0, 273, 0),
(274, 'ต้นหอมญี่ปุ่น ออร์แกนิก', 7, 0, 0, 274, 0),
(275, 'ข้าวโพดหวานออร์แกนิก', 7, 0, 0, 275, 0),
(276, 'ข้าวโพดอ่อนออร์แกนิก', 7, 0, 0, 276, 0),
(277, 'เบบี้แครอทออร์แกนิก', 7, 0, 0, 277, 0),
(278, 'แครอท ออร์แกนิก', 7, 0, 0, 278, 0),
(279, 'เรดโอ๊คออร์แกนิก', 7, 0, 0, 279, 0),
(280, 'เบบี้คอส ออร์แกนิก', 7, 0, 0, 280, 0),
(281, 'ใบโหระพา ออร์แกนิก', 7, 0, 0, 281, 0),
(282, 'สะระแหน่ ออร์แกนิก', 7, 0, 0, 282, 0),
(283, 'ใบกระเพราออร์แกนิก', 7, 0, 0, 283, 0),
(284, 'ใบแมงลัก ออร์แกนิก', 7, 0, 0, 284, 0),
(285, 'ผักกาดขาว ออร์แกนิก', 7, 0, 0, 285, 0),
(286, 'ผักกาดหวานออร์แกนิก', 7, 0, 0, 286, 0),
(287, 'สลัดแก้วออร์แกนิก', 7, 0, 0, 287, 0),
(288, 'ผักบุ้งจีนออร์แกนิก', 7, 0, 0, 288, 0),
(289, 'ฟักทองไทย ออร์แกนิก', 7, 0, 0, 289, 0),
(290, 'เรดโครอลออร์แกนิก', 7, 0, 0, 290, 0),
(291, 'บีทรูท ออร์แกนิก', 7, 0, 0, 291, 0),
(292, 'กรีนโอ๊คออร์แกนิก', 7, 0, 0, 292, 0),
(293, 'บัตเตอร์เฮดออร์แกนิก', 7, 0, 0, 293, 0),
(294, 'ฟิลเลย์ไอซเบิร์ก ออร์แกนิก', 7, 0, 0, 294, 0),
(295, 'มันเทศหวานญี่ปุ่น # M [ x 5.00]', 5, 0, 0, 295, 0),
(296, 'มันเทศหวานญี่ปุ่น # L [ x 5.00]', 5, 0, 0, 296, 0),
(297, 'มะเขือเปราะ_ประกอบอาหารGG', 7, 0, 0, 297, 0),
(298, 'มะเขือม่วง_ประกอบอาหารGG', 7, 0, 0, 298, 0),
(299, 'มะนาว_ประกอบอาหารGG', 7, 0, 0, 299, 0),
(300, 'มะนาวเหลือง_ประกอบอาหารGG', 7, 0, 0, 300, 0),
(301, 'มะเขือพวง_ประกอบอาหารGG', 7, 0, 0, 301, 0),
(302, 'ถั่วหวาน_ประกอบอาหารGG', 7, 0, 0, 302, 0),
(303, 'ถั่วลันเตา_ประกอบอาหารGG', 7, 0, 0, 303, 0),
(304, 'ไควาแระ/ต้นอ่อนหัวไชเท้า_ประกอบอาหารGG', 7, 0, 0, 304, 0),
(305, 'ต้นอ่อนทานตะวัน_ประกอบอาหารGG', 7, 0, 0, 305, 0),
(306, 'โตวเหมี่ยว/ต้นอ่อนถั่วลันเตา_ประกอบอาหารGG', 7, 0, 0, 306, 0),
(307, 'เบบี้ผักโขม_ประกอบอาหารGG', 7, 0, 0, 307, 0),
(308, 'ใบเตย_ประกอบอาหารGG', 7, 0, 0, 308, 0),
(309, 'คื่นช่าย_ประกอบอาหารGG', 7, 0, 0, 309, 0),
(310, 'กระเทียมจีนกลีบใหญ่(หัว)_ประกอบอาหารGG', 7, 0, 0, 310, 0),
(311, 'กระเทียมสดปอกเปลือก_ประกอบอาหารGG', 1, 0, 0, 311, 0),
(312, 'กะหล่ำดอกขาว_ประกอบอาหารGG', 7, 0, 0, 312, 0),
(313, 'กะหล่ำปลี_ประกอบอาหารGG', 7, 0, 0, 313, 0),
(314, 'แครอท_ประกอบอาหารGG', 7, 0, 0, 314, 0),
(315, 'ซูกินี่_ประกอบอาหารGG', 7, 0, 0, 315, 0),
(316, 'เซเลอรี่_ประกอบอาหารGG', 7, 0, 0, 316, 0),
(317, 'แตงกวาญี่ปุ่น_ประกอบอาหารGG', 7, 0, 0, 317, 0),
(318, 'แตงกวา_ประกอบอาหารGG', 7, 0, 0, 318, 0),
(319, 'บร็อคโครี่_ประกอบอาหารGG', 7, 0, 0, 319, 0),
(320, 'บัตเตอร์นัท_ประกอบอาหารGG', 7, 0, 0, 320, 0),
(321, 'บีทรูท_ประกอบอาหารGG', 7, 0, 0, 321, 0),
(322, 'พริกยักษ์เขียว _ประกอบอาหารGG', 7, 0, 0, 322, 0),
(323, 'ฟักทอง_ประกอบอาหารGG', 7, 0, 0, 323, 0),
(324, 'ฟักทองญี่ปุ่น_ประกอบอาหารGG', 7, 0, 0, 324, 0),
(325, 'มะเขือเทศเชอร์รี่ สีแดง_ประกอบอาหารGG', 7, 0, 0, 325, 0),
(326, 'มะเขือเทศเชอร์รี่ สีเหลือง_ประกอบอาหารGG', 7, 0, 0, 326, 0),
(327, 'มะเขือเทศท้อ_ประกอบอาหารGG', 7, 0, 0, 327, 0),
(328, 'มะเขือเทศเนื้อ_ประกอบอาหารGG', 7, 0, 0, 328, 0),
(329, 'มันฝรั่ง_ประกอบอาหารGG', 7, 0, 0, 329, 0),
(330, 'มันหวานญี่ปุ่น_ประกอบอาหารGG [ x 10.00]', 4, 0, 0, 330, 0),
(331, 'มันหวานญี่ปุ่น_ประกอบอาหารGG [ x 5.00]', 5, 0, 0, 331, 0),
(332, 'หน่อไม้ฝรั่ง_ประกอบอาหารGG', 7, 0, 0, 332, 0),
(333, 'หอมแขก_ประกอบอาหารGG', 7, 0, 0, 333, 0),
(334, 'หอมแขกปลอกเปลือก_ประกอบอาหารGG', 2, 0, 0, 334, 0),
(335, 'หอมแดงปอกเปลือก_ประกอบอาหารGG', 1, 0, 0, 335, 0),
(336, 'หอมใหญ่_ประกอบอาหารจัมโบ้ GG', 7, 0, 0, 336, 0),
(337, 'ไชเท้า_ประกอบอาหารGG', 7, 0, 0, 337, 0),
(338, 'ฟักเขียวแก่_ประกอบอาหารGG', 7, 0, 0, 338, 0),
(339, 'ฟักทองไทย_ประกอบอาหารGG', 7, 0, 0, 339, 0),
(340, 'มะละกอดิบ_ประกอบอาหารGG', 7, 0, 0, 340, 0),
(341, 'พริกยักษ์เหลือง_ประกอบอาหารGG', 7, 0, 0, 341, 0),
(342, 'พริกยักษ์แดง_ประกอบอาหารGG', 7, 0, 0, 342, 0),
(343, 'พริกขี้หนูแดงเด็ด_ประกอบอาหารGG', 7, 0, 0, 343, 0),
(344, 'พริกขี้หนูเขียวเด็ด_ประกอบอาหารGG', 7, 0, 0, 344, 0),
(345, 'พริกขี้หนูสวนเขียว_ประกอบอาหารGG', 7, 0, 0, 345, 0),
(346, 'พริกหนุ่ม_ประกอบอาหารGG', 7, 0, 0, 346, 0),
(347, 'พริกหยวก_ประกอบอาหารGG', 7, 0, 0, 347, 0),
(348, 'พริกชี้ฟ้าเหลือง_ประกอบอาหารGG', 7, 0, 0, 348, 0),
(349, 'พริกชี้ฟ้าแห้งเด็ดก้าน_ประกอบอาหารGG', 7, 0, 0, 349, 0),
(350, 'มันหวานญี่ปุ่นสีม่วง_ประกอบอาหารGG [ x 5.00]', 1, 0, 0, 350, 0),
(351, 'ขิง_ประกอบอาหารGG', 7, 0, 0, 351, 0),
(352, 'ขิงอ่อนซอยฝอย_ประกอบอาหารGG', 7, 0, 0, 352, 0),
(353, 'ต้นหอม_ประกอบอาหารGG', 7, 0, 0, 353, 0),
(354, 'ต้นหอมญี่ปุ่น_ประกอบอาหารGG', 7, 0, 0, 354, 0),
(355, 'ใบกระเพรา_ประกอบอาหารGG', 7, 0, 0, 355, 0),
(356, 'ใบกระเพราแดงประกอบอาหารGG', 7, 0, 0, 356, 0),
(357, 'ผักชี_ประกอบอาหารGG', 7, 0, 0, 357, 0),
(358, 'พริกขี้หนูสด_ประกอบอาหารGG', 7, 0, 0, 358, 0),
(359, 'โหระพา_ประกอบอาหารGG', 7, 0, 0, 359, 0),
(360, 'ฟักทอง 3000-7000 กรัม/ลูก _ประกอบอาหารGG', 7, 0, 0, 360, 0),
(361, 'เผือก_ประกอบอาหาร GG', 7, 0, 0, 361, 0),
(362, 'มะเขือเทศวาลูโล่ พันธ์เนื้อ_ประกอบอาหารGG', 7, 0, 0, 362, 0),
(363, 'กรีนโอ๊ค_ประกอบอาหารGG', 7, 0, 0, 363, 0),
(364, 'คอส_ประกอบอาหารGG', 7, 0, 0, 364, 0),
(365, 'เคล_ประกอบอาหารGG', 7, 0, 0, 365, 0),
(366, 'เบบี้เคล_ประกอบอาหารGG', 7, 0, 0, 366, 0),
(367, 'ผักกาดแก้ว_ประกอบอาหารGG', 7, 0, 0, 367, 0),
(368, 'ผักสลัดร็อคเก็ต_ประกอบอาหารGG', 7, 0, 0, 368, 0),
(369, 'เรดโอ๊ค_ประกอบอาหารGG', 7, 0, 0, 369, 0),
(370, 'ไวลด์_ประกอบอาหารGG', 7, 0, 0, 370, 0),
(371, 'ฟิลเล่ย์ ไอซ์เบิร์ก_ประกอบอาหารGG', 7, 0, 0, 371, 0),
(372, 'เรคโอ๊ค ซาลาโนวา_ประกอบอาหารGG', 7, 0, 0, 372, 0),
(373, 'กรีนโอ๊ค ซาลาโนวา_ประกอบอาหารGG', 7, 0, 0, 373, 0),
(374, 'บัตเตอร์ ซาลาโนวา_ประกอบอาหารGG', 7, 0, 0, 374, 0),
(375, 'เรดบัตเตอร์เฮด ซาลาโนวา_ประกอบอาหารGG', 7, 0, 0, 375, 0),
(376, 'บัตเตอร์เฮด_ประกอบอาหารGG', 7, 0, 0, 376, 0),
(377, 'เบบี้คอส_ประกอบอาหารGG', 7, 0, 0, 377, 0),
(378, 'เบบี้แครอท_ประกอบอาหารGG', 7, 0, 0, 378, 0),
(379, 'สลัดรวม_ประกอบอาหารGG', 7, 0, 0, 379, 0),
(380, 'เห็ดชิตาเกะ_ประกอบอาหารGG', 7, 0, 0, 380, 0),
(381, 'เห็ดออรินจิ_ประกอบอาหารGG', 7, 0, 0, 381, 0),
(382, 'เห็ดฟาง_ประกอบอาหารGG', 7, 0, 0, 382, 0),
(383, 'เห็ดโคนญี่ปุ่น_ประกอบอาหารGG', 7, 0, 0, 383, 0),
(384, 'เห็ดหูหนู_ประกอบอาหารGG', 7, 0, 0, 384, 0),
(385, 'เห็ดเข็มทอง_ประกอบอาหารGG', 7, 0, 0, 385, 0),
(386, 'เห็ดหอมสด_ประกอบอาหารGG', 7, 0, 0, 386, 0),
(387, 'เห็ดชิเมจิ_ประกอบอาหารGG', 7, 0, 0, 387, 0),
(388, 'เห็ดชิเมจิขาว_ประกอบอาหารGG', 7, 0, 0, 388, 0),
(389, 'เห็ดชิเมจิดำ_ประกอบอาหารGG', 7, 0, 0, 389, 0),
(390, 'เห็ดแชมปิญอง_ประกอบอาหาร', 7, 0, 0, 390, 0),
(391, 'เห็ดหลินดำ_ประกอบอาหารGG', 1, 0, 0, 391, 0),
(392, 'ใบไทม์_ประกอบอาหารGG', 7, 0, 0, 392, 0),
(393, 'ใบโหระพาฝรั่ง_ประกอบอาหารGG', 7, 0, 0, 393, 0),
(394, 'พาสเล่ย์_ประกอบอาหารGG', 7, 0, 0, 394, 0),
(395, 'มิซูน่า_ประกอบอาหารGG', 7, 0, 0, 395, 0),
(396, 'โรสแมรี่_ประกอบอาหารGG', 7, 0, 0, 396, 0),
(397, 'หน่อไม้เหลือง_ประกอบอาหารGG', 7, 0, 0, 397, 0),
(398, 'หน่อไม้ต้ม_ประกอบอาหารGG', 7, 0, 0, 398, 0),
(399, 'หน่อไม้ดองเปรี้ยว_ประกอบอาหารGG', 7, 0, 0, 399, 0),
(400, 'ถั่วเข็มโครงการหลวง 200 กรัม', 7, 0, 0, 400, 0),
(401, 'ถั่วแขกสีม่วง โครงการหลวง 200 กรัม', 7, 0, 0, 401, 0),
(402, 'ถั่วแขกโครงการหลวง 200 กรัม', 7, 0, 0, 402, 0),
(403, 'ถั่วลันเตาใหญ่โครงการหลวง  200 กรัม', 7, 0, 0, 403, 0),
(404, 'กุ่ยช่ายขาวโครงการหลวง 200 กรัม', 7, 0, 0, 404, 0),
(405, 'กวางตุ้งต้นโครงการหลวง 300 กรัม', 7, 0, 0, 405, 0),
(406, 'คื่นช่ายโครงการหลวง 200 กรัม', 7, 0, 0, 406, 0),
(407, 'คะน้ายอดโครงการหลวง 200 กรัม', 7, 0, 0, 407, 0),
(408, 'คะน้าฮ่องกงโครงการหลวง 200  กรัม', 7, 0, 0, 408, 0),
(409, 'คะน้าต้นปาล์มโครงการหลวง 300  กรัม', 7, 0, 0, 409, 0),
(410, 'เซเลอรี่โครงการหลวง 400 กรัม', 7, 0, 0, 410, 0),
(411, 'ต้นหอมญี่ปุ่นโครงการหลวง 300 กรัม', 7, 0, 0, 411, 0),
(412, 'ตั้งโอ๋โครงการหลวง 300 กรัม', 7, 0, 0, 412, 0),
(413, 'เบบี้ฮ่องเต้โครงการหลวง 200 กรัม', 7, 0, 0, 413, 0),
(414, 'ปวยเหล็งโครงการหลวง  200 กรัม', 7, 0, 0, 414, 0),
(415, 'ผักกาดหอมใบแดงโครงการหลวง  200 กรัม', 7, 0, 0, 415, 0),
(416, 'ผักกาดฮ่องเต้โครงการหลวง 300 กรัม', 7, 0, 0, 416, 0),
(417, 'ผักกาดฮ่องเต้ก้านขาวโครงการหลวง 200 กรัม', 7, 0, 0, 417, 0),
(418, 'ฮ่องเต้ก้านขาวโครงการหลวง 200 กรัม', 7, 0, 0, 418, 0),
(419, 'ผักโขมโครงการหลวง  200 กรัม', 7, 0, 0, 419, 0),
(420, 'พริกเม็กซิกันโครงการหลวง 300 กรัม (เผ็ด)', 7, 0, 0, 420, 0),
(421, 'พาร์สเล่ย์โครงการหลวง 100 กรัม', 7, 0, 0, 421, 0),
(422, 'ฟิลเล่ไอซ์เบิร์กในสารโครงการหลวง 200 กรัม', 7, 0, 0, 422, 0),
(423, 'เฟนเนลโครงการหลวง 300 กรัม', 7, 0, 0, 423, 0),
(424, 'ยอดซาโยเต้โครงการหลวง 300 กรัม', 7, 0, 0, 424, 0),
(425, 'ร็อกเก็ตสลัดโครงการหลวง 50 กรัม', 7, 0, 0, 425, 0),
(426, 'ฟักทองแฟนซี', 10, 0, 0, 426, 0),
(427, 'กะหล่ำดอกเขียวโครงการหลวง 300 กรัม', 7, 0, 0, 427, 0),
(428, 'กะหล่ำดอกม่วงโครงการหลวง 300 กรัม', 7, 0, 0, 428, 0),
(429, 'กะหล่ำปม โครงการหลวง 300 กรัม', 7, 0, 0, 429, 0),
(430, 'กะหล่ำปมม่วง โครงการหลวง 300 กรัม', 7, 0, 0, 430, 0),
(431, 'กะหล่ำปลีโครงการหลวง  500 กรัม', 7, 0, 0, 431, 0),
(432, 'กะหล่ำปลีแดงโครงการหลวง  500 กรัม', 7, 0, 0, 432, 0),
(433, 'กะหล่ำปลีรูปหัวใจโครงการหลวง  500 กรัม', 7, 0, 0, 433, 0),
(434, 'ข้าวโพดหวาน2 สีโครงการหลวง  500 กรัม', 7, 0, 0, 434, 0),
(435, 'ข้าวโพดหวานสีม่วงโครงการหลวง  500 กรัม', 7, 0, 0, 435, 0),
(436, 'แครอทโครงการหลวง  300 กรัม', 7, 0, 0, 436, 0),
(437, 'แครอทสีม่วงโครงการหลวง 300 กรัม', 7, 0, 0, 437, 0),
(438, 'ซูกินี่โครงการหลวง 300 กรัม', 7, 0, 0, 438, 0),
(439, 'แตงกวาญี่ปุ่น โครงการหลวง  300 กรัม', 7, 0, 0, 439, 0),
(440, 'บร็อคโคลี่โครงการหลวง  300 กรัม', 7, 0, 0, 440, 0),
(441, 'บีทรูทโครงการหลวง  300 กรัม', 7, 0, 0, 441, 0),
(442, 'เบบี้แครอทโครงการหลวง  200 กรัม', 7, 0, 0, 442, 0),
(443, 'ผักกาดขาวปลีโครงการหลวง  500 กรัม', 7, 0, 0, 443, 0),
(444, 'ผักกาดหอมห่อ โครงการหลวง 300 กรัม', 7, 0, 0, 444, 0),
(445, 'ผักกาดหัวญี่ปุ่นโครงการหลวง 300 กรัมขี้นไป', 7, 0, 0, 445, 0),
(446, 'ผักกาดหางหงษ์โครงการหลวง  500 กรัม', 7, 0, 0, 446, 0),
(447, 'พริกหวานสีเขียวโครงการหลวง  200 กรัม', 7, 0, 0, 447, 0),
(448, 'พริกหวานสีแดงโครงการหลวง  200 กรัม', 7, 0, 0, 448, 0),
(449, 'พริกหวานสีเหลืองโครงการหลวง  200 กรัม', 7, 0, 0, 449, 0),
(450, 'ฟักทองจิ๋วโครงการหลวง (กก.)', 7, 0, 0, 450, 0),
(451, 'ฟักทองญี่ปุ่น โครงการหลวง', 7, 0, 0, 451, 0),
(452, 'มะเขือเทศโครงการหลวง  300 กรัม', 7, 0, 0, 452, 0),
(453, 'มะเขือเทศโครงการหลวงช่อโครงการหลวง  300 กรัม', 7, 0, 0, 453, 0),
(454, 'มะเขือเทศเชอรี่แดงโครงการหลวง  250 กรัม', 7, 0, 0, 454, 0),
(455, 'มะเขือม่วงก้านเขียวโครงการหลวง 300 กรัม', 7, 0, 0, 455, 0),
(456, 'มะเขือม่วงก้านดำโครงการหลวง  300 กรัม', 7, 0, 0, 456, 0),
(457, 'หัวไชเท้าญี่ปุ่นโครงการหลวง', 7, 0, 0, 457, 0),
(458, 'มะระหยกโครงการหลวง  300 กรัม', 7, 0, 0, 458, 0),
(459, 'มันเทศญี่ปุ่นสีเหลืองโครงการหลวง', 7, 0, 0, 459, 0),
(460, 'มันเทศญี่ปุ่นสีเหลืองโครงการหลวง  200 กรัม', 7, 0, 0, 460, 0),
(461, 'มันเทศญี่ปุ่นสีม่วง/สีเหลืองโครงการหลวง  200 กรัม', 7, 0, 0, 461, 0),
(462, 'มันเทศญี่ปุ่นสีม่วงโครงการหลวง', 7, 0, 0, 462, 0),
(463, 'มันฝรั่งโครงการหลวง 500  กรัม', 7, 0, 0, 463, 0),
(464, 'แรดิชโครงการหลวง  200 กรัม', 7, 0, 0, 464, 0),
(465, 'แอสพารากัสโครงการหลวง 200 กรัม', 7, 0, 0, 465, 0),
(466, 'ข้าวโพดหวานสดไม่ปอกเปลือก (ฟ้าประทาน)', 7, 0, 0, 466, 0),
(467, 'เบบี้แครอท 200 กรัม (ฟ้าประทาน)', 1, 0, 0, 467, 0),
(468, 'เบบี้แครอทมีใบ 200 กรัม (ฟ้าประทาน)', 1, 0, 0, 468, 0),
(469, 'มะเขือเทศเชอรี่แดง Sweet heart 200 กรัม (ฟ้าประทาน)', 1, 0, 0, 469, 0),
(470, 'มะเขือเทศเชอรี่เหลือง (ฟ้าประทาน)', 7, 0, 0, 470, 0),
(471, 'มะเขือเทศวาลูโล่ (x2) (ฟ้าประทาน)', 7, 0, 0, 471, 0),
(472, 'มะเขือเทศวาลูโล่ พันธ์เนื้อ 300 กรัม (ฟ้าประทาน)', 1, 0, 0, 472, 0),
(473, 'มะเขือเทศวาลูโล่ พันธ์เนื้อ 500 กรัม (ฟ้าประทาน)', 1, 0, 0, 473, 0),
(474, 'มะเขือเทศ Solarino  (ฟ้าประทาน)', 7, 0, 0, 474, 0),
(475, 'มะเขือเทศ Solarino 200 กรัม (ฟ้าประทาน)', 1, 0, 0, 475, 0),
(476, 'ผักหวานป่า 100 กรัม (ฟ้าประทาน)', 1, 0, 0, 476, 0),
(477, 'ฟิลเลย์ไอซ์เบิร์กโครงการหลง 200กรัม', 7, 0, 0, 477, 0),
(478, 'เรดคอรัลโครงการหลง200กรัม', 7, 0, 0, 478, 0),
(479, 'ไวท์ร็อคเกตโครงการหลวง  100 กรัม', 7, 0, 0, 479, 0),
(480, 'คอสสลัดโครงการหลวง  200 กรัม', 7, 0, 0, 480, 0),
(481, 'บัตเตอร์เฮดโครงการหลวง 200 กรัม', 7, 0, 0, 481, 0),
(482, 'เบบี้คอสโครงการหลวง 200 กรัม', 7, 0, 0, 482, 0),
(483, 'ฟิลเล่ย์ไอซ์เบิร์กโครงการหลวง  200 กรัม', 7, 0, 0, 483, 0),
(484, 'เรดโครอลโครงการหลวง 200 กรัม', 7, 0, 0, 484, 0),
(485, 'โอ๊คลีฟเขียวโครงการหลวง 200 กรัม', 7, 0, 0, 485, 0),
(486, 'โอ๊คลีฟแดงโครงการหลวง 200 กรัม', 7, 0, 0, 486, 0),
(487, 'กรีนโอ๊คออร์แกนิก (ฟ้าประทาน)', 7, 0, 0, 487, 0),
(488, 'กรีนโอ๊คออร์แกนิก 200 กรัม (ฟ้าประทาน)', 1, 0, 0, 488, 0),
(489, 'บัตเตอร์เฮดออร์แกนิก (ฟ้าประทาน)', 7, 0, 0, 489, 0),
(490, 'บัตเตอร์เฮดออร์แกนิก 200 กรัม (ฟ้าประทาน)', 1, 0, 0, 490, 0),
(491, 'เบบี้คอส ออร์แกนิก (ฟ้าประทาน)', 7, 0, 0, 491, 0),
(492, 'เบบี้คอส ออร์แกนิก 200 กรัม (ฟ้าประทาน)', 1, 0, 0, 492, 0),
(493, 'ผักกาดหวานออร์แกนิก (ฟ้าประทาน)', 7, 0, 0, 493, 0),
(494, 'ผักกาดหวานออร์แกนิก 200 กรัม (ฟ้าประทาน)', 1, 0, 0, 494, 0),
(495, 'ฟิลเลย์ไอซเบิร์ก ออร์แกนิก (ฟ้าประทาน)', 7, 0, 0, 495, 0),
(496, 'ฟิลเลย์ไอซเบิร์ก ออร์แกนิก 200 กรัม (ฟ้าประทาน)', 1, 0, 0, 496, 0),
(497, 'เรดโครอลออร์แกนิก (ฟ้าประทาน)', 7, 0, 0, 497, 0),
(498, 'เรดโครอลออร์แกนิก 200 กรัม (ฟ้าประทาน)', 1, 0, 0, 498, 0),
(499, 'เรดโอ๊คออร์แกนิก (ฟ้าประทาน)', 7, 0, 0, 499, 0),
(500, 'เรดโอ๊คออร์แกนิก 200 กรัม (ฟ้าประทาน)', 1, 0, 0, 500, 0),
(501, 'สลัดรวมออร์แกนิค (ฟ้าประทาน)', 7, 0, 0, 501, 0),
(502, 'สลัดรวมออร์แกนิค 500 กรัม (ฟ้าประทาน)', 1, 0, 0, 502, 0),
(503, 'เห็ดนางรมหลวงโครงการหลวง 150 กรัม', 7, 0, 0, 503, 0),
(504, 'เห็ดนางรมฮังการีโครงการหลวง 150 กรัม', 7, 0, 0, 504, 0),
(505, 'เห็ดเบบี้พอลโตเบลโล่โครงการหลวง 200 กรัม', 7, 0, 0, 505, 0),
(506, 'เห็ดปุยฝ้ายโครงการหลวง 1000 กรัม', 1, 0, 0, 506, 0),
(507, 'เห็ดปุยฝ้ายโครงการหลวง 150 กรัม', 7, 0, 0, 507, 0),
(508, 'เห็ดพอลโตเบลโลโครงการหลวง 200 กรัม', 7, 0, 0, 508, 0),
(509, 'เห็ดรวมโครงการหลวง 150 กรัม', 7, 0, 0, 509, 0),
(510, 'เห็ดหอมสด โครงการหลวง1000 กรัม', 1, 0, 0, 510, 0),
(511, 'เห็ดหอมสด โครงการหลวง150 กรัม', 7, 0, 0, 511, 0),
(512, 'พริกชี้ฟ้า3สี100 กรัม GG', 1, 0, 0, 512, 0),
(513, 'พริกชี้ฟ้าเขียว70 กรัม GG', 1, 0, 0, 513, 0),
(514, 'พริกชี้ฟ้าแดง70 กรัม GG', 1, 0, 0, 514, 0),
(515, 'พริกหนุ่ม70 กรัม GG', 1, 0, 0, 515, 0),
(516, 'ชุดต้มยำ250 กรัม GG', 8, 0, 0, 516, 0),
(517, 'ต้นหอม+ผักชี50 กรัม GG', 1, 0, 0, 517, 0),
(518, 'หน่อไม้ฝรั่ง+ข้าวโพด(200กรัม) GG', 1, 0, 0, 518, 0),
(519, 'คื่นช่าย100 กรัม GG', 1, 0, 0, 519, 0),
(520, 'กวางตุ้งใบ 250 กรัม GG', 1, 0, 0, 520, 0),
(521, 'ดอกกุ่ยช่าย200 กรัม GG', 1, 0, 0, 521, 0),
(522, 'ต้นกระเทียมญี่ปุ่น 300 กรัม GG', 1, 0, 0, 522, 0),
(523, 'ต้นหอมญี่ปุ่น300 กรัม GG', 1, 0, 0, 523, 0),
(524, 'ต้นหอมไทย50 กรัม GG', 5, 0, 0, 524, 0),
(525, 'ใบกุ่ยช่ายเขียว100 กรัม GG', 1, 0, 0, 525, 0),
(526, 'ผักโขม/ป๊อบอาย150 กรัม GG', 1, 0, 0, 526, 0),
(527, 'ผักบุ้งจีน250 กรัม GG', 1, 0, 0, 527, 0),
(528, 'บวบเหลี่ยมแพ็คคู่ 500-700 กรัม GG', 1, 0, 0, 528, 0),
(529, 'ผักกาดหางหงษ์ GG', 7, 0, 0, 529, 0),
(530, 'มะเขือเทศเชอรี่เหลืองYellow Sweet200 กรัม (ฟ้าประทาน)', 1, 0, 0, 530, 0),
(531, 'หน่อไม้ฝรั่งC 200 กรัม GG', 1, 0, 0, 531, 0),
(532, 'กระเจี๊ยบสด100 กรัม GG', 1, 0, 0, 532, 0),
(533, 'เห็กชิเมจิ(ขาว) 125 กรัม/แพ็ค GG', 1, 0, 0, 533, 0),
(534, 'เห็ดชิเมจิ(ขาว)150กรัม/แพ็ค GG', 1, 0, 0, 534, 0),
(535, 'เห็กชิเมจิ(น้ำตาล) 125 กรัม/แพ็ค GG', 1, 0, 0, 535, 0),
(536, 'เห็กชิเมจิ(น้ำตาล) 150 กรัม/แพ็ค GG', 1, 0, 0, 536, 0),
(537, 'เห็ดแชมปิญอง(ขาว)100กรัม GG', 1, 0, 0, 537, 0),
(538, 'เห็ดแชมปิญอง(น้ำตาล)100กรัม GG', 1, 0, 0, 538, 0),
(539, 'เห็ดหิมะ100 กรัม GG', 1, 0, 0, 539, 0),
(540, 'เห็ดหิมะ100 กรัม', 1, 0, 0, 540, 0),
(541, 'เห็ดโคนญี่ปุ่น100 กรัม GG', 1, 0, 0, 541, 0),
(542, 'เห็ดออรินจิดอกใหญ่100 กรัม GG', 1, 0, 0, 542, 0),
(543, 'กระเทียมโทน 80 กรัม(Prompt) GG', 1, 0, 0, 543, 0),
(544, 'กระเทียมแกะกลีบ 80 กรัม(Prompt) GG', 1, 0, 0, 544, 0),
(545, 'หอมแดง+กระเทียมปอกเปลือก 80 กรัม(Prompt) GG', 1, 0, 0, 545, 0),
(546, 'หอมแดงแกะกลีบ 80 กรัม(Prompt) GG', 1, 0, 0, 546, 0),
(547, 'หอมปอก 200 กรัม(Prompt) GG', 1, 0, 0, 547, 0),
(548, 'หอมแขก 150 กรัม(Prompt) GG', 1, 0, 0, 548, 0),
(549, 'กระเจี๊ยบเขียว ออร์แกนิค 150 กรัม GG', 1, 0, 0, 549, 0),
(550, 'ข้าวโพดอ่อน ออร์แกนิค 150 กรัม GG', 1, 0, 0, 550, 0),
(551, 'NP ข้าวโพดอ่อน ออร์แกนิค', 1, 0, 0, 551, 0),
(552, 'พริกจินดา ออร์แกนิค 50 กรัม GG', 1, 0, 0, 552, 0),
(553, 'NP ถั่วแขก ออร์แกนิค', 1, 0, 0, 553, 0),
(554, 'NP พริกจินดา ออร์แกนิค', 1, 0, 0, 554, 0),
(555, 'NP พริกยักษ์หวาน', 7, 0, 0, 555, 0),
(556, 'NP มะเขือเปราะขาว ออร์แกนิค', 1, 0, 0, 556, 0),
(557, 'NP มะเขือพวง ออร์แกนิค', 1, 0, 0, 557, 0),
(558, 'NP ถั่วงอกขาว ออร์แกนิค', 1, 0, 0, 558, 0),
(559, 'แครอท+หอมใหญ่+มันฝรั่ง แวคคั่ม 300-350 กรัม GG', 1, 0, 0, 559, 0),
(560, 'ชุดต้มยำ ออร์แกนิค 150 กรัม GG', 1, 0, 0, 560, 0),
(561, 'NP ชุดต้มยำ  ออร์แกนิค', 1, 0, 0, 561, 0),
(562, 'NP ชุดหน่อไม้ฝรั่ง+ข้าวโพดอ่อน', 1, 0, 0, 562, 0),
(563, 'NP ชุดชาบู(ใหญ่)', 1, 0, 0, 563, 0),
(564, 'NP แครอท+ข้าวโพดอ่อน', 1, 0, 0, 564, 0),
(565, 'NP เท็มเทชั่นมิกซ์ร็อคเก็ต', 1, 0, 0, 565, 0),
(566, 'NP เท็มเทชั่นมิกซ์แครอท', 1, 0, 0, 566, 0),
(567, 'NP เท็มเทชั่นมิกซ์ธรรมดา', 1, 0, 0, 567, 0),
(568, 'NP ชุดสุกี้(ใหญ่)', 1, 0, 0, 568, 0),
(569, 'กวางตุ้งฮ่องเต้ ออร์แกนิค 150 กรัม GG', 1, 0, 0, 569, 0),
(570, 'NP กวางตุ้งฮ่องเต้ ออร์แกนิค', 1, 0, 0, 570, 0),
(571, 'กวางตุ้งใบ ออร์แกนิค 180 กรัม GG', 1, 0, 0, 571, 0),
(572, 'NP กวางตุ้งใบ ออร์แกนิค', 1, 0, 0, 572, 0),
(573, 'คะน้าต้น ออร์แกนิค 180 กรัม GG', 1, 0, 0, 573, 0),
(574, 'NP คะน้าต้น ออร์แกนิค', 1, 0, 0, 574, 0),
(575, 'คะน้ายอด ออร์แกนิค180 กรัม GG', 1, 0, 0, 575, 0),
(576, 'NP คะน้ายอด ออร์แกนิค', 1, 0, 0, 576, 0),
(577, 'คะน้าฮ่องกง ออร์แกนิค150 กรัม GG', 1, 0, 0, 577, 0),
(578, 'NP คะน้าฮ่องกง ออร์แกนิค', 1, 0, 0, 578, 0),
(579, 'ต้นหอมญี่ปุ่น ออร์แกนิคGG', 1, 0, 0, 579, 0),
(580, 'NP ต้นหอมญี่ปุ่น ออร์แกนิค', 1, 0, 0, 580, 0),
(581, 'ต้นอ่อนทานตะวัน ออร์แกนิค 100 กรัม GG', 1, 0, 0, 581, 0),
(582, 'NP ต้นอ่อนทานตะวัน ออร์แกนิค', 1, 0, 0, 582, 0),
(583, 'ผักโขมเขียว ออร์แกนิค 150 กรัม GG', 1, 0, 0, 583, 0),
(584, 'NP ต้นหอม ออร์แกนิค', 1, 0, 0, 584, 0),
(585, 'ผักโขมแดง ออร์แกนิค 150 กรัม GG', 1, 0, 0, 585, 0),
(586, 'NP ผักโขมแดง ออร์แกนิค', 1, 0, 0, 586, 0),
(587, 'NP ผักโขมเขียว ออร์แกนิค', 1, 0, 0, 587, 0),
(588, 'กระเพรา ออร์แกนิค 50 กรัม GG', 1, 0, 0, 588, 0),
(589, 'โหรพา ออร์แกนิค 50 กรัม GG', 1, 0, 0, 589, 0),
(590, 'NP โหรพา ออร์แกนิค', 1, 0, 0, 590, 0),
(591, 'NP เซเลอรี่ ออร์แกนิค', 7, 0, 0, 591, 0),
(592, 'NP ผักกาดหอม  ออร์แกนิค', 1, 0, 0, 592, 0),
(593, 'NP วอเตอร์เครส ออร์แกนิค', 1, 0, 0, 593, 0),
(594, 'ผักกาดขาวปลี ออร์แกนิค GG', 7, 0, 0, 594, 0),
(595, 'NP ผักกาดขาวปลี ออร์แกนิค', 7, 0, 0, 595, 0),
(596, 'ผักบุ้งจีน ออร์แกนิค 180 กรัม GG', 1, 0, 0, 596, 0),
(597, 'NP ผักบุ้งจีน ออร์แกนิค', 1, 0, 0, 597, 0),
(598, 'NP ฟักทองไทย ออร์แกนิค', 7, 0, 0, 598, 0),
(599, 'ข้าวโพดหวาน ออร์แกนิค GG', 7, 0, 0, 599, 0),
(600, 'NP ข้าวโพดหวาน ออร์แกนิค', 7, 0, 0, 600, 0),
(601, 'ซูกินี่ ออร์แกนิค GG', 7, 0, 0, 601, 0),
(602, 'NP ซุกินี ออร์แกนิค', 7, 0, 0, 602, 0),
(603, 'ฟักทองญี่ปุ่น ออร์แกนิค GG', 7, 0, 0, 603, 0),
(604, 'NP ฟักทองญี่ปุ่น ออร์แกนิค', 7, 0, 0, 604, 0),
(605, 'มะนาว ออร์แกนิค 300 กรัม GG', 1, 0, 0, 605, 0),
(606, 'NP มะนาว  ออร์แกนิค', 1, 0, 0, 606, 0),
(607, 'แตงกวา ออร์แกนิค 250 กรัม GG', 1, 0, 0, 607, 0),
(608, 'NP แตงกวา ออร์แกนิค', 1, 0, 0, 608, 0),
(609, 'แตงกวาญี่ปุ่น ออร์แกนิค GG', 7, 0, 0, 609, 0),
(610, 'NP แตงกวาญี่ปุ่น ออร์แกนิค', 7, 0, 0, 610, 0),
(611, 'แตงร้าน ออร์แกนิค GG', 7, 0, 0, 611, 0),
(612, 'NP แตงร้าน ออร์แกนิค', 7, 0, 0, 612, 0),
(613, 'กะหล่ำดอก ออร์แกนิค GG', 7, 0, 0, 613, 0),
(614, 'กะหล่ำปลี ออร์แกนิค GG', 7, 0, 0, 614, 0),
(615, 'NP กะหล่ำปลี  ออร์แกนิค', 7, 0, 0, 615, 0),
(616, 'บล็อคโคลี่ ออร์แกนิค GG', 7, 0, 0, 616, 0),
(617, 'NP บล็อคโคลี่ ออร์แกนิค', 7, 0, 0, 617, 0),
(618, 'บีทรูท ออร์แกนิค GG', 7, 0, 0, 618, 0),
(619, 'NP บีทรูท ออร์แกนิค GG', 7, 0, 0, 619, 0),
(620, 'มันฝรั่ง ออร์แกนิค GG', 7, 0, 0, 620, 0),
(621, 'NP มันฝรั่ง ออร์แกนิค', 7, 0, 0, 621, 0),
(622, 'มันเทศหวาน ออร์แกนิค GG', 7, 0, 0, 622, 0),
(623, 'NP มันเทศหวาน ออร์แกนิค', 7, 0, 0, 623, 0),
(624, 'NP มันเทศหวาน (ม่วง) ออร์แกนิค', 7, 0, 0, 624, 0),
(625, 'NP มันเทศหวาน (ส้ม) ออร์แกนิค', 7, 0, 0, 625, 0),
(626, 'หอมหัวใหญ่สีเหลือง ออร์แกนิค GG', 7, 0, 0, 626, 0),
(627, 'หอมหัวใหญ่สีแดง ออร์แกนิค GG', 7, 0, 0, 627, 0),
(628, 'NP หอมหัวใหญ่ สีแดง ออร์แกนิค', 7, 0, 0, 628, 0),
(629, 'เบบี้แครอท ออร์แกนิค 150 กรัม  GG', 1, 0, 0, 629, 0),
(630, 'NP เบบี้แครอท ออร์แกนิค', 1, 0, 0, 630, 0),
(631, 'แครอท ออร์แกนิค GG', 7, 0, 0, 631, 0),
(632, 'NP แครอท ออร์แกนิค', 7, 0, 0, 632, 0),
(633, 'ไชเท้าญี่ปุ่น ออร์แกนิค GG', 7, 0, 0, 633, 0),
(634, 'NP ไชเท้าญี่ปุ่น ออร์แกนิค', 7, 0, 0, 634, 0),
(635, 'มันฝรั่งแวคคั่ม ออร์แกนิค 300-350 กรัม GG', 1, 0, 0, 635, 0),
(636, 'NP มันฝรั่งแวคคั่ม ออร์แกนิค', 1, 0, 0, 636, 0),
(637, 'กระเทียมแห้ง ออร์แกนิค 200 กรัม GG', 1, 0, 0, 637, 0),
(638, 'NP  กระเทียมแห้ง ออร์แกนิค', 1, 0, 0, 638, 0),
(639, 'NP ซูกีนี ออร์แกนิค', 7, 0, 0, 639, 0),
(640, 'NP พริกหนุ่ม (หยวก) ออร์แกนิค', 1, 0, 0, 640, 0),
(641, 'NP ฟักเขียว ออร์แกนิค', 7, 0, 0, 641, 0),
(642, 'NP มะเขือเทศเนื้อ ออร์แกนิค', 7, 0, 0, 642, 0),
(643, 'NP มะเขือเทศเชอรี่ ออร์แกนิค', 1, 0, 0, 643, 0),
(644, 'NP มะระจีน ออร์แกนิค', 7, 0, 0, 644, 0),
(645, 'NP มะละกอดิบ ออร์แกนิค', 7, 0, 0, 645, 0),
(646, 'NP หน่อไม้ฝรั่ง - S ออร์แกนิค', 1, 0, 0, 646, 0),
(647, 'NP หน่อไม้ฝรั่ง - M ออร์แกนิค', 1, 0, 0, 647, 0),
(648, 'NP หน่อไม้ฝรั่ง - L ออร์แกนิค', 1, 0, 0, 648, 0),
(649, 'NP กระเจี๊ยบเขียว ออร์แกนิค', 1, 0, 0, 649, 0),
(650, 'NP ขิง ออร์แกนิค', 1, 0, 0, 650, 0),
(651, 'NP ข่า ออร์แกนิค', 1, 0, 0, 651, 0),
(652, 'NP ตะไคร้ ออร์แกนิค', 1, 0, 0, 652, 0),
(653, 'NP ถั่วฝักยาว ออร์แกนิค', 1, 0, 0, 653, 0),
(654, 'NP กระเพรา ออร์แกนิค', 1, 0, 0, 654, 0),
(655, 'NP ใบมะกรูด ออร์แกนิค', 1, 0, 0, 655, 0),
(656, 'NP บวบเหลี่ยม ออร์แกนิค', 7, 0, 0, 656, 0),
(657, 'แครอทแท่งแวคคั่ม ออร์แกนิค 150 กรัม GG', 1, 0, 0, 657, 0),
(658, 'NP แครอทแท่งแวคคั่ม  ออร์แกนิค', 1, 0, 0, 658, 0),
(659, 'บีทรูทแวคคั่ม ออร์แกนิค 300-350 กรัม GG', 1, 0, 0, 659, 0),
(660, 'NP บีทรูทแวคคั่ม ออร์แกนิค', 1, 0, 0, 660, 0),
(661, 'หอมแดงใหญ่แวคคั่ม ออร์แกนิค 300-350 กรัม GG', 1, 0, 0, 661, 0),
(662, 'NP หอมใหญ่แดงแวคคั่ม ออร์แกนิค', 1, 0, 0, 662, 0),
(663, 'หอมใหญ่เหลืองแวคคั่ม ออร์แกนิค 300-350 กรัม GG', 1, 0, 0, 663, 0),
(664, 'NP สลัดใบแดง ออร์แกนิค', 1, 0, 0, 664, 0),
(665, 'NP สลัดเรดโอ๊ค ออร์แกนิค', 1, 0, 0, 665, 0),
(666, 'เรดโอ๊คออร์แกนิก 200 กรัม', 7, 0, 0, 666, 0),
(667, 'NP สลัดแก้ว ออร์แกนิค', 7, 0, 0, 667, 0),
(668, 'NP สลัดบัตเตอร์เฮด ออร์แกนิค', 1, 0, 0, 668, 0),
(669, 'บัตเตอร์เฮดออร์แกนิก 200 กรัม', 1, 0, 0, 669, 0),
(670, 'NP สลัดคอสเขียว ออร์แกนิค', 1, 0, 0, 670, 0),
(671, 'NP สลัดกรีนโอ๊ค ออร์แกนิค', 1, 0, 0, 671, 0),
(672, 'กรีนโอ๊คออร์แกนิก 200 กรัม', 1, 0, 0, 672, 0),
(673, 'ฟิลเลย์ไอซเบิร์ก ออร์แกนิก  200 กรัม', 1, 0, 0, 673, 0),
(674, 'เรดโครอลออร์แกนิก 200 กรัม', 1, 0, 0, 674, 0),
(675, 'สลัดรวม ออร์แกนิก 500 กรัม', 1, 0, 0, 675, 0),
(676, 'เห็ดนางฟ้าภูฐาน ออร์แกนิค 150 กรัม GG', 1, 0, 0, 676, 0),
(677, 'NP เห็ดนางฟ้าภูฐาน ออร์แกนิค', 1, 0, 0, 677, 0),
(678, 'เห็ดออรินจิ ออร์แกนิค 150 กรัม GG', 1, 0, 0, 678, 0),
(679, 'NP เห็ดโคนญี่ปุ่น ออร์แกนิค', 1, 0, 0, 679, 0),
(680, 'เห็ดเข็มทอง ออร์แกนิค 150 กรัม GG', 1, 0, 0, 680, 0),
(681, 'NP เห็ดเข็มทอง ออร์แกนิค', 1, 0, 0, 681, 0),
(682, 'เห็ดหอมสด ออร์แกนิค 100 กรัม GG', 1, 0, 0, 682, 0),
(683, 'NP เห็ดหอมสด ออร์แกนิค', 1, 0, 0, 683, 0),
(684, 'เห็ดออรินจิสไลด์ ออร์แกนิค 150 กรัม GG', 1, 0, 0, 684, 0),
(685, 'NP เห็ดออรินจิสไลด์ ออร์แกนิค', 1, 0, 0, 685, 0),
(686, 'NP เห็ดออรินจิ ออร์แกนิค', 7, 0, 0, 686, 0),
(687, 'NP เห็ดหูหนูน้ำตาล ออร์แกนิค', 1, 0, 0, 687, 0),
(688, 'CSKหอมแดงปอกเปลือก 120 กรัม', 1, 0, 0, 688, 0),
(689, 'CSKกระเทียมปอกเปลือก 120 กรัม', 1, 0, 0, 689, 0),
(690, 'CSKกวางตุ้งorganic200g', 1, 0, 0, 690, 0),
(691, 'CSKกวางตุ้งฮ่องเต้organic200g', 1, 0, 0, 691, 0),
(692, 'CSKกะหล่ำปลีorganic', 1, 0, 0, 692, 0),
(693, 'CSKข้าวโพดอ่อนorganic200g', 1, 0, 0, 693, 0),
(694, 'CSKคะน้าฮ่องกง200g organic', 1, 0, 0, 694, 0),
(695, 'CSKคะน้าorganic200g', 1, 0, 0, 695, 0),
(696, 'CSKแครอท Organic', 3, 0, 0, 696, 0),
(697, 'CSKแครอทรวมข้าวโพดอ่อน Organic', 1, 0, 0, 697, 0),
(698, 'CSKแตงร้าน Organic', 1, 0, 0, 698, 0),
(699, 'CSKแตงกวา200g organic', 1, 0, 0, 699, 0),
(700, 'CSKแตงกวาorganic300g', 1, 0, 0, 700, 0),
(701, 'CSKถั่วฝักยาวorganic200g', 1, 0, 0, 701, 0),
(702, 'CSKถั่วแขก200g organic', 1, 0, 0, 702, 0),
(703, 'CSKบวบorganic1000g', 1, 0, 0, 703, 0),
(704, 'CSKบวบorganic 1000g', 1, 0, 0, 704, 0),
(705, 'CSKผักกาดหอมorganic200g', 1, 0, 0, 705, 0),
(706, 'CSKผักกาดขาวorganic', 3, 0, 0, 706, 0),
(707, 'CSKผักกาดขาวorganic200g', 1, 0, 0, 707, 0),
(708, 'CSKผักสลัดครอส 150 กรัม', 1, 0, 0, 708, 0),
(709, 'CSKผักโขมจีนเขียว200g organic', 1, 0, 0, 709, 0),
(710, 'CSKผักบุ้งจีนorganic200g', 1, 0, 0, 710, 0),
(711, 'CSKพริกแดง Organic 100 กรัม', 1, 0, 0, 711, 0),
(712, 'CSKมะเขือยาวorganic1000g', 1, 0, 0, 712, 0),
(713, 'CSKมะเขือเทศท้อ  Organic', 3, 0, 0, 713, 0),
(714, 'CSKมะเขือเนื้อ Organic', 1, 0, 0, 714, 0),
(715, 'CSKมะเขือยาวม่วงorganic1000g', 1, 0, 0, 715, 0),
(716, 'CSKมะเขือเจ้าพระยา Organic', 1, 0, 0, 716, 0),
(717, 'CSKมะเขือเทศราชินี200g organic', 1, 0, 0, 717, 0),
(718, 'CSKมะเขือเทศสีดาorganic200g', 1, 0, 0, 718, 0),
(719, 'CSKมะเขือเทศสีดาorganic300g', 1, 0, 0, 719, 0),
(720, 'CSKหน่อไม้ฝรั่งข้าวโพดอ่อน Org', 1, 0, 0, 720, 0),
(721, 'CSKไชเท้าorganic', 7, 0, 0, 721, 0),
(722, 'CSPข้าวโพดอ่อนรวมแครอท 200g', 1, 0, 0, 722, 0),
(723, 'CSPคะน้าฮ่องกง Organic 200g', 1, 0, 0, 723, 0),
(724, 'CSPคะน้า Organic 200g', 1, 0, 0, 724, 0),
(725, 'CSPแครอท Organic', 3, 0, 0, 725, 0),
(726, 'CSPผักสลัดเรคโอ๊ค Organic 150g', 1, 0, 0, 726, 0),
(727, 'CSPถั่วฝักยาว Organic 200g', 1, 0, 0, 727, 0),
(728, 'CSPถั่วแขก Organic 200g', 1, 0, 0, 728, 0),
(729, 'CSPผักกาดหอม Organic 150g', 1, 0, 0, 729, 0),
(730, 'CSPผักกาดขาว Organic', 3, 0, 0, 730, 0),
(731, 'CSPผักสลัดครอสเขียว Org150g', 1, 0, 0, 731, 0),
(732, 'CSPผักบุ้งจีน Organic 200g', 1, 0, 0, 732, 0),
(733, 'CSPมะเขือเทศราชินี Organic200g', 1, 0, 0, 733, 0),
(734, 'SMF  เซเลอรี่  (ออส)', 7, 0, 0, 734, 0),
(735, 'SMF  สวิสชาร์ด (ออส)', 7, 0, 0, 735, 0),
(736, 'SMF กระเทียมต้น (ออส)', 7, 0, 0, 736, 0),
(737, 'SMF  ผักกาดขาวปลี (ออส)', 7, 0, 0, 737, 0),
(738, 'SMF  แครอท (ออส)', 7, 0, 0, 738, 0),
(739, 'SMF  บล็อคโคลี่  (ออส)', 7, 0, 0, 739, 0),
(740, 'SMF  หอมหัวใหญ่  (ออส)', 7, 0, 0, 740, 0),
(741, 'SMF  หอมหัวใหญ่ม่วง (ออส)', 7, 0, 0, 741, 0),
(742, 'SMF แครอท ออร์แกนิค', 7, 0, 0, 742, 0),
(743, 'SMF แครอทม่วง ออร์แกนิค', 7, 0, 0, 743, 0),
(744, 'SMF บล็อกโคลี่ ออร์แกนิค', 7, 0, 0, 744, 0),
(745, 'SMF  เบบี้ผักโขม ออร์แกนิค', 1, 0, 0, 745, 0),
(746, 'SMF  บีทรูท ออร์แกนิค', 7, 0, 0, 746, 0),
(747, 'SMF  สลัดมิกซ์ ออร์แกนิค', 1, 0, 0, 747, 0),
(748, 'SMF หอมหัวใหญ่ออร์แกนิค', 7, 0, 0, 748, 0),
(749, 'SMF ออสซี่มิกซ์สลัด (ออส)', 1, 0, 0, 749, 0),
(750, 'SMF  เคลเขียว (ออส)', 1, 0, 0, 750, 0),
(751, 'SMF โกลด์มิกซ์ สลัด (ออส)', 1, 0, 0, 751, 0),
(752, 'SMF  อิตาเลียนมิกซ์ สลัด (ออส)', 1, 0, 0, 752, 0),
(753, 'SMF เห็ดแชมปิญองขาว ออร์แกนิค', 1, 0, 0, 753, 0),
(754, 'เห็ดเข็มทอง100 กรัมGG', 1, 0, 0, 754, 0),
(755, 'เห็ดนางฟ้าภูฐาน150 กรัม', 1, 0, 0, 755, 0),
(756, 'เห็ดนางฟ้าภูฐาน150 กรัม', 1, 0, 0, 756, 0),
(757, 'NP กวางตุ้งฮ่องเต้ ออร์แกนิค', 7, 0, 0, 757, 0),
(758, 'NP กวางตุ้งใบ ออร์แกนิค', 7, 0, 0, 758, 0),
(759, 'NP คะน้ายอด ออร์แกนิค', 7, 0, 0, 759, 0),
(760, 'NP คะน้าฮ่องกง ออร์แกนิค', 7, 0, 0, 760, 0),
(761, 'NP ผักกาดขาวปลี ออร์แกนิค', 7, 0, 0, 761, 0),
(762, 'NP ผักบุ้งจีน ออร์แกนิค', 7, 0, 0, 762, 0),
(763, 'NP ต้นอ่อนทานตะวัน ออร์แกนิค', 7, 0, 0, 763, 0),
(764, 'NP วอเตอร์เครส ออร์แกนิค', 7, 0, 0, 764, 0),
(765, 'NP ผักโขมเขียว ออร์แกนิค', 7, 0, 0, 765, 0),
(766, 'NP ขิง ออร์แกนิค', 7, 0, 0, 766, 0),
(767, 'NP ถั่วฝักยาว ออร์แกนิค', 7, 0, 0, 767, 0),
(768, 'NP ฟักเขียว ออร์แกนิค', 7, 0, 0, 768, 0),
(769, 'NP มะนาว  ออร์แกนิค', 7, 0, 0, 769, 0),
(770, 'NP มะละกอดิบ ออร์แกนิค', 7, 0, 0, 770, 0),
(771, 'NP มะเขือเทศเนื้อ ออร์แกนิค', 7, 0, 0, 771, 0),
(772, 'NP แตงกวา ออร์แกนิค', 7, 0, 0, 772, 0),
(773, 'NP แตงกวาญี่ปุ่น ออร์แกนิค', 7, 0, 0, 773, 0),
(774, 'NP แตงร้าน ออร์แกนิค', 7, 0, 0, 774, 0),
(775, 'NP กะหล่ำปลี  ออร์แกนิค', 7, 0, 0, 775, 0),
(776, 'NP มันฝรั่ง ออร์แกนิค', 7, 0, 0, 776, 0),
(777, 'NP หอมหัวใหญ่ สีแดง ออร์แกนิค', 7, 0, 0, 777, 0),
(778, 'NP แครอท ออร์แกนิค', 7, 0, 0, 778, 0),
(779, 'NP ไชเท้าญี่ปุ่น ออร์แกนิค', 7, 0, 0, 779, 0),
(780, 'NP เห็ดนางฟ้าภูฐาน ออร์แกนิค', 7, 0, 0, 780, 0),
(781, 'NP เห็ดเข็มทอง ออร์แกนิค', 7, 0, 0, 781, 0),
(782, 'NP ชุดต้มยำ  ออร์แกนิค', 7, 0, 0, 782, 0),
(783, 'NP บีทรูทแวคคั่ม ออร์แกนิค', 7, 0, 0, 783, 0),
(784, 'NP หอมใหญ่แดงแวคคั่ม ออร์แกนิค', 7, 0, 0, 784, 0),
(785, 'NP มันฝรั่งแวคคั่ม ออร์แกนิค', 7, 0, 0, 785, 0),
(786, 'NP  กระเทียมแห้ง ออร์แกนิค', 7, 0, 0, 786, 0),
(787, 'NP เท็มเทชั่นมิกซ์แครอท', 7, 0, 0, 787, 0),
(788, 'NP ใบมะกรูด ออร์แกนิค', 7, 0, 0, 788, 0),
(789, 'NP ต้นหอม ออร์แกนิค', 7, 0, 0, 789, 0),
(790, 'กระเจี๊ยบสด', 7, 0, 0, 1, 0),
(793, 'Column2', 0, 0, 0, 0, 0);

--
-- Indexes for dumped tables
--

--
-- Indexes for table `branch`
--
ALTER TABLE `branch`
  ADD PRIMARY KEY (`branch_id`);

--
-- Indexes for table `fruit`
--
ALTER TABLE `fruit`
  ADD PRIMARY KEY (`fruit_id`);

--
-- Indexes for table `plu_code`
--
ALTER TABLE `plu_code`
  ADD PRIMARY KEY (`plu_code_id`);

--
-- Indexes for table `price`
--
ALTER TABLE `price`
  ADD PRIMARY KEY (`price_id`);

--
-- Indexes for table `product_type`
--
ALTER TABLE `product_type`
  ADD PRIMARY KEY (`product_type_id`);

--
-- Indexes for table `protion`
--
ALTER TABLE `protion`
  ADD PRIMARY KEY (`protion_id`);

--
-- Indexes for table `sku_code`
--
ALTER TABLE `sku_code`
  ADD PRIMARY KEY (`sku_code_id`);

--
-- Indexes for table `sourcing`
--
ALTER TABLE `sourcing`
  ADD PRIMARY KEY (`sourcing_id`);

--
-- Indexes for table `status`
--
ALTER TABLE `status`
  ADD PRIMARY KEY (`status_id`);

--
-- Indexes for table `sub`
--
ALTER TABLE `sub`
  ADD PRIMARY KEY (`sub_id`);

--
-- Indexes for table `type`
--
ALTER TABLE `type`
  ADD PRIMARY KEY (`type_id`);

--
-- Indexes for table `user`
--
ALTER TABLE `user`
  ADD PRIMARY KEY (`user_id`);

--
-- Indexes for table `users`
--
ALTER TABLE `users`
  ADD PRIMARY KEY (`id_user`);

--
-- Indexes for table `vegetable`
--
ALTER TABLE `vegetable`
  ADD PRIMARY KEY (`vegetable_id`);

--
-- AUTO_INCREMENT for dumped tables
--

--
-- AUTO_INCREMENT for table `branch`
--
ALTER TABLE `branch`
  MODIFY `branch_id` int(10) NOT NULL AUTO_INCREMENT, AUTO_INCREMENT=18;

--
-- AUTO_INCREMENT for table `fruit`
--
ALTER TABLE `fruit`
  MODIFY `fruit_id` int(10) NOT NULL AUTO_INCREMENT;

--
-- AUTO_INCREMENT for table `plu_code`
--
ALTER TABLE `plu_code`
  MODIFY `plu_code_id` int(10) NOT NULL AUTO_INCREMENT;

--
-- AUTO_INCREMENT for table `price`
--
ALTER TABLE `price`
  MODIFY `price_id` int(10) NOT NULL AUTO_INCREMENT, AUTO_INCREMENT=2;

--
-- AUTO_INCREMENT for table `product_type`
--
ALTER TABLE `product_type`
  MODIFY `product_type_id` int(10) NOT NULL AUTO_INCREMENT, AUTO_INCREMENT=11;

--
-- AUTO_INCREMENT for table `protion`
--
ALTER TABLE `protion`
  MODIFY `protion_id` int(10) NOT NULL AUTO_INCREMENT, AUTO_INCREMENT=7;

--
-- AUTO_INCREMENT for table `sku_code`
--
ALTER TABLE `sku_code`
  MODIFY `sku_code_id` int(10) NOT NULL AUTO_INCREMENT, AUTO_INCREMENT=793;

--
-- AUTO_INCREMENT for table `sourcing`
--
ALTER TABLE `sourcing`
  MODIFY `sourcing_id` int(10) NOT NULL AUTO_INCREMENT;

--
-- AUTO_INCREMENT for table `status`
--
ALTER TABLE `status`
  MODIFY `status_id` int(10) NOT NULL AUTO_INCREMENT, AUTO_INCREMENT=3;

--
-- AUTO_INCREMENT for table `sub`
--
ALTER TABLE `sub`
  MODIFY `sub_id` int(10) NOT NULL AUTO_INCREMENT, AUTO_INCREMENT=47;

--
-- AUTO_INCREMENT for table `type`
--
ALTER TABLE `type`
  MODIFY `type_id` int(10) NOT NULL AUTO_INCREMENT, AUTO_INCREMENT=8;

--
-- AUTO_INCREMENT for table `user`
--
ALTER TABLE `user`
  MODIFY `user_id` int(10) NOT NULL AUTO_INCREMENT, AUTO_INCREMENT=26;

--
-- AUTO_INCREMENT for table `users`
--
ALTER TABLE `users`
  MODIFY `id_user` int(10) NOT NULL AUTO_INCREMENT, AUTO_INCREMENT=2;

--
-- AUTO_INCREMENT for table `vegetable`
--
ALTER TABLE `vegetable`
  MODIFY `vegetable_id` int(10) NOT NULL AUTO_INCREMENT, AUTO_INCREMENT=794;
COMMIT;

/*!40101 SET CHARACTER_SET_CLIENT=@OLD_CHARACTER_SET_CLIENT */;
/*!40101 SET CHARACTER_SET_RESULTS=@OLD_CHARACTER_SET_RESULTS */;
/*!40101 SET COLLATION_CONNECTION=@OLD_COLLATION_CONNECTION */;
